timestamp,x,z
2020-11-19T11:18:58.160Z,0.03,0.02
2020-11-19T11:18:58.176Z,0.03,0.03
2020-11-19T11:18:58.191Z,0.03,0.03
2020-11-19T11:18:58.207Z,0.03,0.04
2020-11-19T11:18:58.209Z,0.03,0.05
2020-11-19T11:18:58.223Z,0.04,0.04
2020-11-19T11:18:58.239Z,0.04,0.05
2020-11-19T11:18:58.240Z,0.04,0.04
2020-11-19T11:18:58.255Z,0.02,0.08
2020-11-19T11:18:58.271Z,0.05,0.04
2020-11-19T11:18:58.287Z,0.06,0.04
2020-11-19T11:18:58.289Z,0.04,0.05
2020-11-19T11:18:58.303Z,0.03,0.05
2020-11-19T11:18:58.319Z,0.04,0.04
2020-11-19T11:18:58.323Z,0.02,0.04
2020-11-19T11:18:58.335Z,0.02,0.02
2020-11-19T11:18:58.351Z,0.03,0.04
2020-11-19T11:18:58.367Z,0.03,0.04
2020-11-19T11:18:58.372Z,0.03,0.05
2020-11-19T11:18:58.383Z,0.02,0.04
2020-11-19T11:18:58.399Z,0.03,0.03
2020-11-19T11:18:58.399Z,0.04,0.02
2020-11-19T11:18:58.415Z,0.05,0.02
2020-11-19T11:18:58.431Z,0.05,0.03
2020-11-19T11:18:58.447Z,0.05,0.03
2020-11-19T11:18:58.447Z,0.05,0.03
2020-11-19T11:18:58.463Z,0.03,0.04
2020-11-19T11:18:58.478Z,0.02,0.05
2020-11-19T11:18:58.495Z,0.02,0.03
2020-11-19T11:18:58.495Z,0.02,0.03
2020-11-19T11:18:58.511Z,0.03,0.03
2020-11-19T11:18:58.527Z,0.03,0.03
2020-11-19T11:18:58.527Z,0.06,0.02
2020-11-19T11:18:58.543Z,0.06,0.03
2020-11-19T11:18:58.558Z,0.06,0.04
2020-11-19T11:18:58.574Z,0.03,0.04
2020-11-19T11:18:58.575Z,0.02,0.03
2020-11-19T11:18:58.590Z,0.01,0.02
2020-11-19T11:18:58.606Z,-0.00,0.04
2020-11-19T11:18:58.610Z,0.01,0.03
2020-11-19T11:18:58.622Z,0.04,0.04
2020-11-19T11:18:58.638Z,0.04,0.02
2020-11-19T11:18:58.654Z,0.04,0.04
2020-11-19T11:18:58.659Z,0.06,0.03
2020-11-19T11:18:58.670Z,0.04,0.04
2020-11-19T11:18:58.686Z,0.05,0.03
2020-11-19T11:18:58.702Z,0.04,0.03
2020-11-19T11:18:58.709Z,0.03,0.03
2020-11-19T11:18:58.718Z,0.03,0.03
2020-11-19T11:18:58.734Z,0.02,0.04
2020-11-19T11:18:58.744Z,0.01,0.04
2020-11-19T11:18:58.750Z,0.04,0.03
2020-11-19T11:18:58.766Z,0.05,0.01
2020-11-19T11:18:58.782Z,0.02,0.06
2020-11-19T11:18:58.783Z,0.04,0.08
2020-11-19T11:18:58.798Z,0.08,0.03
2020-11-19T11:18:58.814Z,0.03,0.05
2020-11-19T11:18:58.815Z,0.02,0.05
2020-11-19T11:18:58.830Z,0.04,0.05
2020-11-19T11:18:58.846Z,0.02,0.07
2020-11-19T11:18:58.862Z,0.02,0.06
2020-11-19T11:18:58.863Z,0.04,0.04
2020-11-19T11:18:58.878Z,0.04,0.05
2020-11-19T11:18:58.893Z,0.03,0.06
2020-11-19T11:18:58.894Z,0.03,0.07
2020-11-19T11:18:58.909Z,0.03,0.08
2020-11-19T11:18:58.925Z,0.03,0.07
2020-11-19T11:18:58.941Z,0.03,0.07
2020-11-19T11:18:58.942Z,0.02,0.07
2020-11-19T11:18:58.957Z,0.02,0.07
2020-11-19T11:18:58.973Z,0.03,0.08
2020-11-19T11:18:58.989Z,0.04,0.08
2020-11-19T11:18:58.990Z,0.04,0.10
2020-11-19T11:18:59.005Z,0.04,0.09
2020-11-19T11:18:59.021Z,0.02,0.09
2020-11-19T11:18:59.022Z,0.02,0.10
2020-11-19T11:18:59.037Z,0.00,0.10
2020-11-19T11:18:59.053Z,-0.01,0.11
2020-11-19T11:18:59.069Z,0.01,0.12
2020-11-19T11:18:59.072Z,0.04,0.11
2020-11-19T11:18:59.085Z,0.04,0.12
2020-11-19T11:18:59.101Z,0.04,0.13
2020-11-19T11:18:59.117Z,0.04,0.13
2020-11-19T11:18:59.122Z,0.02,0.15
2020-11-19T11:18:59.133Z,0.01,0.15
2020-11-19T11:18:59.149Z,0.01,0.14
2020-11-19T11:18:59.149Z,-0.01,0.13
2020-11-19T11:18:59.165Z,-0.01,0.13
2020-11-19T11:18:59.180Z,-0.01,0.13
2020-11-19T11:18:59.196Z,0.00,0.13
2020-11-19T11:18:59.197Z,0.02,0.15
2020-11-19T11:18:59.212Z,0.03,0.15
2020-11-19T11:18:59.228Z,0.03,0.16
2020-11-19T11:18:59.244Z,0.02,0.15
2020-11-19T11:18:59.245Z,0.02,0.15
2020-11-19T11:18:59.260Z,0.01,0.15
2020-11-19T11:18:59.276Z,0.00,0.14
2020-11-19T11:18:59.292Z,-0.01,0.15
2020-11-19T11:18:59.293Z,-0.00,0.14
2020-11-19T11:18:59.308Z,-0.01,0.14
2020-11-19T11:18:59.324Z,0.01,0.15
2020-11-19T11:18:59.340Z,0.02,0.15
2020-11-19T11:18:59.341Z,0.02,0.15
2020-11-19T11:18:59.356Z,0.01,0.16
2020-11-19T11:18:59.372Z,0.01,0.14
2020-11-19T11:18:59.388Z,-0.01,0.14
2020-11-19T11:18:59.389Z,-0.00,0.13
2020-11-19T11:18:59.404Z,-0.00,0.15
2020-11-19T11:18:59.420Z,0.01,0.15
2020-11-19T11:18:59.436Z,-0.00,0.15
2020-11-19T11:18:59.439Z,-0.00,0.13
2020-11-19T11:18:59.452Z,-0.01,0.14
2020-11-19T11:18:59.468Z,-0.01,0.13
2020-11-19T11:18:59.484Z,-0.00,0.11
2020-11-19T11:18:59.499Z,-0.00,0.12
2020-11-19T11:18:59.500Z,0.02,0.12
2020-11-19T11:18:59.515Z,0.08,0.06
2020-11-19T11:18:59.531Z,-0.09,0.18
2020-11-19T11:18:59.547Z,-0.06,0.15
2020-11-19T11:18:59.548Z,-0.04,0.08
2020-11-19T11:18:59.563Z,-0.08,0.20
2020-11-19T11:18:59.579Z,-0.09,0.13
2020-11-19T11:18:59.595Z,0.07,0.14
2020-11-19T11:18:59.596Z,0.03,-0.06
2020-11-19T11:18:59.611Z,0.04,0.05
2020-11-19T11:18:59.627Z,0.01,0.03
2020-11-19T11:18:59.643Z,-0.17,-0.20
2020-11-19T11:18:59.644Z,0.08,-0.11
2020-11-19T11:18:59.659Z,0.12,-0.12
2020-11-19T11:18:59.675Z,0.05,-0.18
2020-11-19T11:18:59.691Z,-0.09,0.11
2020-11-19T11:18:59.707Z,-0.10,0.11
2020-11-19T11:18:59.708Z,-0.05,-0.11
2020-11-19T11:18:59.723Z,-0.01,-0.05
2020-11-19T11:18:59.739Z,-0.04,0.08
2020-11-19T11:18:59.755Z,0.07,-0.11
2020-11-19T11:18:59.771Z,0.10,-0.22
2020-11-19T11:18:59.772Z,0.03,-0.17
2020-11-19T11:18:59.787Z,-0.02,-0.05
2020-11-19T11:18:59.803Z,0.06,0.12
2020-11-19T11:18:59.819Z,0.16,-0.17
2020-11-19T11:18:59.834Z,-0.14,-0.11
2020-11-19T11:18:59.851Z,-0.00,-0.08
2020-11-19T11:18:59.856Z,-0.04,-0.03
2020-11-19T11:18:59.866Z,-0.04,-0.12
2020-11-19T11:18:59.882Z,0.02,-0.16
2020-11-19T11:18:59.898Z,0.04,-0.17
2020-11-19T11:18:59.914Z,0.00,-0.19
2020-11-19T11:18:59.915Z,-0.02,-0.19
2020-11-19T11:18:59.930Z,-0.02,-0.22
2020-11-19T11:18:59.946Z,0.00,-0.22
2020-11-19T11:18:59.962Z,-0.01,-0.21
2020-11-19T11:18:59.978Z,-0.01,-0.19
2020-11-19T11:18:59.994Z,0.01,-0.20
2020-11-19T11:18:59.995Z,0.01,-0.21
2020-11-19T11:19:00.010Z,0.01,-0.21
2020-11-19T11:19:00.026Z,0.00,-0.22
2020-11-19T11:19:00.042Z,-0.00,-0.23
2020-11-19T11:19:00.058Z,-0.01,-0.23
2020-11-19T11:19:00.059Z,-0.00,-0.22
2020-11-19T11:19:00.074Z,0.01,-0.21
2020-11-19T11:19:00.090Z,0.01,-0.22
2020-11-19T11:19:00.106Z,0.01,-0.22
2020-11-19T11:19:00.122Z,0.00,-0.22
2020-11-19T11:19:00.123Z,-0.01,-0.22
2020-11-19T11:19:00.138Z,-0.01,-0.23
2020-11-19T11:19:00.154Z,-0.00,-0.23
2020-11-19T11:19:00.169Z,-0.00,-0.22
2020-11-19T11:19:00.185Z,0.01,-0.21
2020-11-19T11:19:00.202Z,0.01,-0.21
2020-11-19T11:19:00.205Z,0.01,-0.21
2020-11-19T11:19:00.217Z,0.01,-0.22
2020-11-19T11:19:00.233Z,0.01,-0.24
2020-11-19T11:19:00.249Z,-0.00,-0.22
2020-11-19T11:19:00.265Z,-0.01,-0.24
2020-11-19T11:19:00.281Z,-0.01,-0.24
2020-11-19T11:19:00.282Z,-0.01,-0.22
2020-11-19T11:19:00.297Z,0.01,-0.22
2020-11-19T11:19:00.313Z,0.01,-0.21
2020-11-19T11:19:00.329Z,0.01,-0.21
2020-11-19T11:19:00.345Z,0.01,-0.21
2020-11-19T11:19:00.345Z,0.01,-0.21
2020-11-19T11:19:00.361Z,0.00,-0.23
2020-11-19T11:19:00.377Z,-0.01,-0.23
2020-11-19T11:19:00.393Z,-0.01,-0.24
2020-11-19T11:19:00.409Z,-0.01,-0.23
2020-11-19T11:19:00.409Z,0.00,-0.23
2020-11-19T11:19:00.425Z,0.04,-0.24
2020-11-19T11:19:00.441Z,0.03,-0.22
2020-11-19T11:19:00.457Z,0.00,-0.20
2020-11-19T11:19:00.473Z,-0.01,-0.18
2020-11-19T11:19:00.473Z,-0.01,-0.20
2020-11-19T11:19:00.489Z,-0.02,-0.19
2020-11-19T11:19:00.505Z,-0.01,-0.21
2020-11-19T11:19:00.520Z,0.00,-0.24
2020-11-19T11:19:00.536Z,0.01,-0.25
2020-11-19T11:19:00.552Z,0.03,-0.23
2020-11-19T11:19:00.555Z,0.03,-0.21
2020-11-19T11:19:00.568Z,0.02,-0.20
2020-11-19T11:19:00.584Z,0.01,-0.20
2020-11-19T11:19:00.600Z,0.01,-0.18
2020-11-19T11:19:00.616Z,-0.01,-0.17
2020-11-19T11:19:00.617Z,-0.01,-0.18
2020-11-19T11:19:00.632Z,-0.01,-0.20
2020-11-19T11:19:00.648Z,-0.04,-0.22
2020-11-19T11:19:00.664Z,-0.00,-0.18
2020-11-19T11:19:00.680Z,0.02,-0.17
2020-11-19T11:19:00.680Z,0.01,-0.18
2020-11-19T11:19:00.696Z,0.02,-0.13
2020-11-19T11:19:00.712Z,0.03,-0.17
2020-11-19T11:19:00.728Z,0.02,-0.18
2020-11-19T11:19:00.744Z,-0.00,-0.15
2020-11-19T11:19:00.760Z,-0.02,-0.13
2020-11-19T11:19:00.760Z,-0.01,-0.11
2020-11-19T11:19:00.776Z,-0.01,-0.10
2020-11-19T11:19:00.792Z,-0.00,-0.09
2020-11-19T11:19:00.808Z,-0.01,-0.08
2020-11-19T11:19:00.824Z,0.09,-0.11
2020-11-19T11:19:00.840Z,0.09,-0.18
2020-11-19T11:19:00.840Z,0.01,-0.08
2020-11-19T11:19:00.856Z,-0.03,-0.05
2020-11-19T11:19:00.871Z,-0.09,-0.05
2020-11-19T11:19:00.887Z,-0.03,-0.01
2020-11-19T11:19:00.903Z,-0.01,-0.01
2020-11-19T11:19:00.919Z,0.01,-0.02
2020-11-19T11:19:00.921Z,0.00,-0.02
2020-11-19T11:19:00.935Z,-0.01,0.01
2020-11-19T11:19:00.952Z,-0.03,0.03
2020-11-19T11:19:00.968Z,-0.03,0.04
2020-11-19T11:19:00.972Z,0.05,-0.01
2020-11-19T11:19:00.983Z,0.04,0.00
2020-11-19T11:19:00.999Z,-0.12,0.12
2020-11-19T11:19:01.015Z,-0.02,0.04
2020-11-19T11:19:01.016Z,0.00,0.07
2020-11-19T11:19:01.031Z,-0.01,0.04
2020-11-19T11:19:01.047Z,-0.01,0.05
2020-11-19T11:19:01.063Z,-0.00,0.04
2020-11-19T11:19:01.079Z,0.01,0.08
2020-11-19T11:19:01.079Z,0.00,0.11
2020-11-19T11:19:01.095Z,0.01,0.07
2020-11-19T11:19:01.111Z,-0.02,0.11
2020-11-19T11:19:01.127Z,-0.02,0.15
2020-11-19T11:19:01.127Z,-0.01,0.13
2020-11-19T11:19:01.143Z,0.00,0.08
2020-11-19T11:19:01.159Z,0.00,0.07
2020-11-19T11:19:01.175Z,-0.02,0.13
2020-11-19T11:19:01.176Z,-0.01,0.14
2020-11-19T11:19:01.191Z,0.01,0.14
2020-11-19T11:19:01.207Z,0.03,0.12
2020-11-19T11:19:01.223Z,-0.01,0.18
2020-11-19T11:19:01.223Z,-0.03,0.19
2020-11-19T11:19:01.239Z,-0.00,0.13
2020-11-19T11:19:01.256Z,-0.01,0.13
2020-11-19T11:19:01.271Z,-0.00,0.14
2020-11-19T11:19:01.272Z,-0.01,0.16
2020-11-19T11:19:01.286Z,-0.01,0.16
2020-11-19T11:19:01.302Z,0.00,0.14
2020-11-19T11:19:01.318Z,0.01,0.16
2020-11-19T11:19:01.322Z,0.00,0.20
2020-11-19T11:19:01.335Z,0.03,0.18
2020-11-19T11:19:01.350Z,0.04,0.19
2020-11-19T11:19:01.366Z,0.04,0.14
2020-11-19T11:19:01.367Z,-0.01,0.16
2020-11-19T11:19:01.382Z,-0.03,0.16
2020-11-19T11:19:01.398Z,-0.03,0.19
2020-11-19T11:19:01.414Z,-0.02,0.19
2020-11-19T11:19:01.430Z,-0.01,0.17
2020-11-19T11:19:01.430Z,0.04,0.11
2020-11-19T11:19:01.446Z,0.01,0.14
2020-11-19T11:19:01.462Z,0.01,0.16
2020-11-19T11:19:01.463Z,0.05,0.05
2020-11-19T11:19:01.479Z,0.07,0.04
2020-11-19T11:19:01.494Z,0.07,0.05
2020-11-19T11:19:01.510Z,-0.02,0.13
2020-11-19T11:19:01.510Z,0.01,0.12
2020-11-19T11:19:01.526Z,0.00,0.10
2020-11-19T11:19:01.541Z,-0.01,0.09
2020-11-19T11:19:01.557Z,0.01,0.07
2020-11-19T11:19:01.558Z,0.01,0.09
2020-11-19T11:19:01.573Z,0.03,0.11
2020-11-19T11:19:01.589Z,0.04,0.09
2020-11-19T11:19:01.590Z,0.05,0.08
2020-11-19T11:19:01.605Z,0.06,0.06
2020-11-19T11:19:01.621Z,0.05,0.05
2020-11-19T11:19:01.637Z,0.03,0.05
2020-11-19T11:19:01.638Z,0.02,0.05
2020-11-19T11:19:01.653Z,0.02,0.04
2020-11-19T11:19:01.669Z,0.00,0.03
2020-11-19T11:19:01.675Z,0.02,0.02
2020-11-19T11:19:01.685Z,0.03,0.05
2020-11-19T11:19:01.701Z,0.05,0.05
2020-11-19T11:19:01.726Z,0.07,0.03
2020-11-19T11:19:01.731Z,0.07,0.03
2020-11-19T11:19:01.779Z,0.05,0.03
2020-11-19T11:19:01.780Z,0.05,0.02
2020-11-19T11:19:01.781Z,0.02,0.02
2020-11-19T11:19:01.782Z,0.01,0.01
2020-11-19T11:19:01.783Z,0.03,-0.02
2020-11-19T11:19:01.798Z,0.06,-0.04
2020-11-19T11:19:01.813Z,0.06,-0.03
2020-11-19T11:19:01.813Z,0.03,0.02
2020-11-19T11:19:01.829Z,0.04,0.04
2020-11-19T11:19:01.845Z,0.07,0.05
2020-11-19T11:19:01.845Z,0.04,0.07
2020-11-19T11:19:01.860Z,0.05,0.06
2020-11-19T11:19:01.876Z,0.04,0.05
2020-11-19T11:19:01.892Z,0.04,0.06
2020-11-19T11:19:01.893Z,0.03,0.05
2020-11-19T11:19:01.908Z,0.04,0.02
2020-11-19T11:19:01.924Z,0.02,0.02
2020-11-19T11:19:01.940Z,0.02,0.01
2020-11-19T11:19:01.941Z,0.03,-0.01
2020-11-19T11:19:01.956Z,0.02,0.01
2020-11-19T11:19:01.972Z,0.04,0.01
2020-11-19T11:19:01.975Z,0.05,0.04
2020-11-19T11:19:01.988Z,0.05,0.07
2020-11-19T11:19:02.005Z,0.06,0.07
2020-11-19T11:19:02.020Z,0.05,0.09
2020-11-19T11:19:02.024Z,0.11,0.02
2020-11-19T11:19:02.036Z,-0.01,0.08
2020-11-19T11:19:02.052Z,-0.04,0.07
2020-11-19T11:19:02.068Z,0.02,-0.02
2020-11-19T11:19:02.075Z,0.16,-0.09
2020-11-19T11:19:02.094Z,0.11,-0.03
2020-11-19T11:19:02.100Z,-0.01,0.07
2020-11-19T11:19:02.116Z,0.02,0.08
2020-11-19T11:19:02.116Z,0.10,0.04
2020-11-19T11:19:02.132Z,0.14,0.02
2020-11-19T11:19:02.148Z,0.10,0.04
2020-11-19T11:19:02.164Z,-0.06,0.14
2020-11-19T11:19:02.164Z,0.00,0.03
2020-11-19T11:19:02.180Z,0.03,0.01
2020-11-19T11:19:02.196Z,0.01,0.04
2020-11-19T11:19:02.211Z,0.11,-0.05
2020-11-19T11:19:02.212Z,0.02,-0.00
2020-11-19T11:19:02.228Z,-0.01,0.06
2020-11-19T11:19:02.243Z,-0.02,0.09
2020-11-19T11:19:02.259Z,0.03,0.07
2020-11-19T11:19:02.260Z,0.08,0.06
2020-11-19T11:19:02.275Z,0.06,0.07
2020-11-19T11:19:02.291Z,0.05,0.04
2020-11-19T11:19:02.307Z,0.06,0.03
2020-11-19T11:19:02.309Z,0.03,0.02
2020-11-19T11:19:02.323Z,0.02,0.02
2020-11-19T11:19:02.339Z,0.03,0.02
2020-11-19T11:19:02.356Z,0.02,0.03
2020-11-19T11:19:02.359Z,0.02,0.04
2020-11-19T11:19:02.371Z,0.04,0.04
2020-11-19T11:19:02.387Z,0.04,0.05
2020-11-19T11:19:02.392Z,0.06,0.06
2020-11-19T11:19:02.403Z,0.06,0.05
2020-11-19T11:19:02.419Z,0.06,0.04
2020-11-19T11:19:02.437Z,0.05,0.04
2020-11-19T11:19:02.442Z,0.04,0.01
2020-11-19T11:19:02.453Z,0.04,0.03
2020-11-19T11:19:02.467Z,0.03,0.02
2020-11-19T11:19:02.468Z,0.03,0.03
2020-11-19T11:19:02.483Z,0.02,0.03
2020-11-19T11:19:02.499Z,0.03,0.04
2020-11-19T11:19:02.515Z,0.04,0.04
2020-11-19T11:19:02.515Z,0.05,0.04
2020-11-19T11:19:02.531Z,0.05,0.04
2020-11-19T11:19:02.546Z,0.05,0.04
2020-11-19T11:19:02.547Z,0.05,0.05
2020-11-19T11:19:02.562Z,0.05,0.03
2020-11-19T11:19:02.578Z,0.04,0.03
2020-11-19T11:19:02.594Z,0.04,0.02
2020-11-19T11:19:02.595Z,0.03,0.03
2020-11-19T11:19:02.610Z,0.02,0.03
2020-11-19T11:19:02.626Z,0.03,0.04
2020-11-19T11:19:02.642Z,0.04,0.04
2020-11-19T11:19:02.643Z,0.05,0.04
2020-11-19T11:19:02.658Z,0.06,0.04
2020-11-19T11:19:02.674Z,0.06,0.05
2020-11-19T11:19:02.675Z,0.05,0.04
2020-11-19T11:19:02.690Z,0.05,0.04
2020-11-19T11:19:02.706Z,0.05,0.04
2020-11-19T11:19:02.722Z,0.03,0.03
2020-11-19T11:19:02.723Z,0.03,0.02
2020-11-19T11:19:02.739Z,0.02,0.03
2020-11-19T11:19:02.754Z,0.02,0.03
2020-11-19T11:19:02.756Z,0.04,0.04
2020-11-19T11:19:02.770Z,0.04,0.05
2020-11-19T11:19:02.786Z,0.05,0.04
2020-11-19T11:19:02.803Z,0.06,0.04
2020-11-19T11:19:02.806Z,0.05,0.04
2020-11-19T11:19:02.820Z,0.05,0.04
2020-11-19T11:19:02.834Z,0.05,0.03
2020-11-19T11:19:02.839Z,0.04,0.02
2020-11-19T11:19:02.850Z,0.03,0.03
2020-11-19T11:19:02.866Z,0.02,0.03
2020-11-19T11:19:02.882Z,0.03,0.04
2020-11-19T11:19:02.883Z,0.03,0.03
2020-11-19T11:19:02.898Z,0.04,0.04
2020-11-19T11:19:02.913Z,0.05,0.04
2020-11-19T11:19:02.929Z,0.05,0.04
2020-11-19T11:19:02.930Z,0.06,0.04
2020-11-19T11:19:02.945Z,0.06,0.04
2020-11-19T11:19:02.961Z,0.05,0.03
2020-11-19T11:19:02.962Z,0.03,0.03
2020-11-19T11:19:02.977Z,0.03,0.03
2020-11-19T11:19:02.993Z,0.03,0.02
2020-11-19T11:19:03.009Z,0.03,0.03
2020-11-19T11:19:03.010Z,0.04,0.03
2020-11-19T11:19:03.025Z,0.04,0.03
2020-11-19T11:19:03.041Z,0.05,0.04
2020-11-19T11:19:03.042Z,0.05,0.04
2020-11-19T11:19:03.057Z,0.05,0.04
2020-11-19T11:19:03.073Z,0.05,0.04
2020-11-19T11:19:03.089Z,0.04,0.04
2020-11-19T11:19:03.090Z,0.04,0.03
2020-11-19T11:19:03.105Z,0.04,0.03
2020-11-19T11:19:03.121Z,0.04,0.03
2020-11-19T11:19:03.123Z,0.03,0.04
2020-11-19T11:19:03.137Z,0.04,0.03
2020-11-19T11:19:03.153Z,0.04,0.03
2020-11-19T11:19:03.169Z,0.05,0.04
2020-11-19T11:19:03.172Z,0.05,0.04
2020-11-19T11:19:03.185Z,0.06,0.04
2020-11-19T11:19:03.202Z,0.05,0.04
2020-11-19T11:19:03.217Z,0.04,0.04
2020-11-19T11:19:03.222Z,0.04,0.04
2020-11-19T11:19:03.233Z,0.04,0.03
2020-11-19T11:19:03.248Z,0.04,0.03
2020-11-19T11:19:03.249Z,0.04,0.03
2020-11-19T11:19:03.264Z,0.04,0.03
2020-11-19T11:19:03.280Z,0.04,0.04
2020-11-19T11:19:03.296Z,0.04,0.03
2020-11-19T11:19:03.297Z,0.05,0.04
2020-11-19T11:19:03.312Z,0.05,0.04
2020-11-19T11:19:03.328Z,0.05,0.05
2020-11-19T11:19:03.329Z,0.04,0.04
2020-11-19T11:19:03.344Z,0.04,0.03
2020-11-19T11:19:03.360Z,0.04,0.04
2020-11-19T11:19:03.376Z,0.04,0.02
2020-11-19T11:19:03.377Z,0.04,0.03
2020-11-19T11:19:03.392Z,0.04,0.03
2020-11-19T11:19:03.408Z,0.04,0.04
2020-11-19T11:19:03.409Z,0.04,0.03
2020-11-19T11:19:03.424Z,0.04,0.04
2020-11-19T11:19:03.440Z,0.04,0.04
2020-11-19T11:19:03.456Z,0.05,0.04
2020-11-19T11:19:03.457Z,0.05,0.03
2020-11-19T11:19:03.472Z,0.04,0.03
2020-11-19T11:19:03.488Z,0.04,0.03
2020-11-19T11:19:03.504Z,0.04,0.03
2020-11-19T11:19:03.505Z,0.04,0.03
2020-11-19T11:19:03.520Z,0.04,0.03
2020-11-19T11:19:03.536Z,0.04,0.03
2020-11-19T11:19:03.539Z,0.04,0.04
2020-11-19T11:19:03.552Z,0.05,0.03
2020-11-19T11:19:03.569Z,0.05,0.04
2020-11-19T11:19:03.584Z,0.05,0.04
2020-11-19T11:19:03.585Z,0.04,0.04
2020-11-19T11:19:03.599Z,0.05,0.04
2020-11-19T11:19:03.616Z,0.04,0.04
2020-11-19T11:19:03.616Z,0.04,0.03
2020-11-19T11:19:03.631Z,0.04,0.03
2020-11-19T11:19:03.647Z,0.04,0.04
2020-11-19T11:19:03.663Z,0.04,0.04
2020-11-19T11:19:03.664Z,0.04,0.04
2020-11-19T11:19:03.679Z,0.04,0.04
2020-11-19T11:19:03.695Z,0.05,0.04
2020-11-19T11:19:03.696Z,0.05,0.04
2020-11-19T11:19:03.711Z,0.05,0.03
2020-11-19T11:19:03.727Z,0.04,0.04
2020-11-19T11:19:03.743Z,0.05,0.03
2020-11-19T11:19:03.744Z,0.05,0.03
2020-11-19T11:19:03.759Z,0.04,0.03
2020-11-19T11:19:03.775Z,0.04,0.03
2020-11-19T11:19:03.791Z,0.04,0.04
2020-11-19T11:19:03.792Z,0.04,0.04
2020-11-19T11:19:03.807Z,0.04,0.04
2020-11-19T11:19:03.828Z,0.05,0.04
2020-11-19T11:19:03.834Z,0.05,0.04
2020-11-19T11:19:03.847Z,0.04,0.04
2020-11-19T11:19:03.861Z,0.04,0.04
2020-11-19T11:19:03.871Z,0.05,0.04
2020-11-19T11:19:03.872Z,0.04,0.03
2020-11-19T11:19:03.888Z,0.04,0.03
2020-11-19T11:19:03.903Z,0.04,0.03
2020-11-19T11:19:03.905Z,0.04,0.03
2020-11-19T11:19:03.919Z,0.04,0.03
2020-11-19T11:19:03.937Z,0.05,0.03
2020-11-19T11:19:03.950Z,0.05,0.05
2020-11-19T11:19:03.957Z,0.04,0.04
2020-11-19T11:19:03.966Z,0.05,0.03
2020-11-19T11:19:03.982Z,0.05,0.04
2020-11-19T11:19:03.983Z,0.04,0.03
2020-11-19T11:19:03.998Z,0.05,0.03
2020-11-19T11:19:04.014Z,0.04,0.03
2020-11-19T11:19:04.030Z,0.04,0.04
2020-11-19T11:19:04.031Z,0.04,0.04
2020-11-19T11:19:04.046Z,0.04,0.03
2020-11-19T11:19:04.062Z,0.04,0.04
2020-11-19T11:19:04.078Z,0.04,0.04
2020-11-19T11:19:04.079Z,0.05,0.04
2020-11-19T11:19:04.094Z,0.04,0.03
2020-11-19T11:19:04.110Z,0.05,0.03
2020-11-19T11:19:04.110Z,0.04,0.04
2020-11-19T11:19:04.126Z,0.04,0.03
2020-11-19T11:19:04.142Z,0.04,0.04
2020-11-19T11:19:04.158Z,0.04,0.04
2020-11-19T11:19:04.158Z,0.04,0.03
2020-11-19T11:19:04.174Z,0.04,0.04
2020-11-19T11:19:04.190Z,0.04,0.04
2020-11-19T11:19:04.190Z,0.04,0.04
2020-11-19T11:19:04.206Z,0.04,0.04
2020-11-19T11:19:04.222Z,0.05,0.04
2020-11-19T11:19:04.239Z,0.04,0.04
2020-11-19T11:19:04.240Z,0.05,0.03
2020-11-19T11:19:04.254Z,0.05,0.03
2020-11-19T11:19:04.270Z,0.04,0.04
2020-11-19T11:19:04.272Z,0.04,0.05
2020-11-19T11:19:04.285Z,0.04,0.04
2020-11-19T11:19:04.301Z,0.04,0.03
2020-11-19T11:19:04.319Z,0.05,0.03
2020-11-19T11:19:04.322Z,0.05,0.04
2020-11-19T11:19:04.334Z,0.04,0.04
2020-11-19T11:19:04.349Z,0.05,0.04
2020-11-19T11:19:04.365Z,0.05,0.03
2020-11-19T11:19:04.366Z,0.05,0.04
2020-11-19T11:19:04.381Z,0.04,0.04
2020-11-19T11:19:04.397Z,0.04,0.03
2020-11-19T11:19:04.398Z,0.04,0.04
2020-11-19T11:19:04.413Z,0.05,0.03
2020-11-19T11:19:04.429Z,0.04,0.04
2020-11-19T11:19:04.445Z,0.04,0.04
2020-11-19T11:19:04.445Z,0.05,0.04
2020-11-19T11:19:04.461Z,0.04,0.04
2020-11-19T11:19:04.477Z,0.04,0.03
2020-11-19T11:19:04.477Z,0.05,0.04
2020-11-19T11:19:04.493Z,0.04,0.03
2020-11-19T11:19:04.509Z,0.04,0.03
2020-11-19T11:19:04.525Z,0.04,0.03
2020-11-19T11:19:04.526Z,0.04,0.03
2020-11-19T11:19:04.541Z,0.04,0.03
2020-11-19T11:19:04.557Z,0.04,0.04
2020-11-19T11:19:04.557Z,0.04,0.04
2020-11-19T11:19:04.573Z,0.04,0.04
2020-11-19T11:19:04.589Z,0.05,0.04
2020-11-19T11:19:04.605Z,0.04,0.04
2020-11-19T11:19:04.605Z,0.05,0.04
2020-11-19T11:19:04.621Z,0.05,0.03
2020-11-19T11:19:04.637Z,0.04,0.03
2020-11-19T11:19:04.652Z,0.04,0.04
2020-11-19T11:19:04.655Z,0.04,0.04
2020-11-19T11:19:04.668Z,0.04,0.04
2020-11-19T11:19:04.685Z,0.04,0.03
2020-11-19T11:19:04.689Z,0.04,0.03
2020-11-19T11:19:04.700Z,0.04,0.04
2020-11-19T11:19:04.716Z,0.05,0.03
2020-11-19T11:19:04.732Z,0.04,0.04
2020-11-19T11:19:04.733Z,0.04,0.04
2020-11-19T11:19:04.748Z,0.04,0.03
2020-11-19T11:19:04.764Z,0.05,0.03
2020-11-19T11:19:04.765Z,0.04,0.04
2020-11-19T11:19:04.780Z,0.04,0.04
2020-11-19T11:19:04.796Z,0.04,0.04
2020-11-19T11:19:04.812Z,0.05,0.04
2020-11-19T11:19:04.814Z,0.05,0.03
2020-11-19T11:19:04.828Z,0.05,0.04
2020-11-19T11:19:04.844Z,0.04,0.04
2020-11-19T11:19:04.844Z,0.04,0.04
2020-11-19T11:19:04.860Z,0.04,0.04
2020-11-19T11:19:04.876Z,0.05,0.04
2020-11-19T11:19:04.892Z,0.04,0.04
2020-11-19T11:19:04.892Z,0.04,0.03
2020-11-19T11:19:04.908Z,0.05,0.03
2020-11-19T11:19:04.924Z,0.04,0.04
2020-11-19T11:19:04.940Z,0.05,0.04
2020-11-19T11:19:04.940Z,0.05,0.04
2020-11-19T11:19:04.956Z,0.04,0.03
2020-11-19T11:19:04.972Z,0.04,0.03
2020-11-19T11:19:04.973Z,0.04,0.04
2020-11-19T11:19:04.987Z,0.04,0.04
2020-11-19T11:19:05.004Z,0.04,0.04
2020-11-19T11:19:05.019Z,0.05,0.03
2020-11-19T11:19:05.023Z,0.04,0.04
2020-11-19T11:19:05.035Z,0.04,0.04
2020-11-19T11:19:05.051Z,0.04,0.03
2020-11-19T11:19:05.056Z,0.04,0.04
2020-11-19T11:19:05.067Z,0.04,0.03
2020-11-19T11:19:05.083Z,0.05,0.03
2020-11-19T11:19:05.099Z,0.04,0.04
2020-11-19T11:19:05.100Z,0.04,0.04
2020-11-19T11:19:05.115Z,0.05,0.04
2020-11-19T11:19:05.131Z,0.05,0.03
2020-11-19T11:19:05.132Z,0.04,0.03
2020-11-19T11:19:05.147Z,0.04,0.04
2020-11-19T11:19:05.163Z,0.05,0.04
2020-11-19T11:19:05.179Z,0.04,0.03
2020-11-19T11:19:05.180Z,0.05,0.03
2020-11-19T11:19:05.195Z,0.05,0.04
2020-11-19T11:19:05.211Z,0.05,0.04
2020-11-19T11:19:05.227Z,0.05,0.04
2020-11-19T11:19:05.227Z,0.05,0.05
2020-11-19T11:19:05.243Z,0.04,0.04
2020-11-19T11:19:05.259Z,0.04,0.04
2020-11-19T11:19:05.259Z,0.05,0.04
2020-11-19T11:19:05.275Z,0.04,0.04
2020-11-19T11:19:05.290Z,0.05,0.04
2020-11-19T11:19:05.306Z,0.04,0.04
2020-11-19T11:19:05.307Z,0.04,0.03
2020-11-19T11:19:05.322Z,0.05,0.04
2020-11-19T11:19:05.339Z,0.05,0.04
2020-11-19T11:19:05.340Z,0.05,0.03
2020-11-19T11:19:05.354Z,0.04,0.04
2020-11-19T11:19:05.370Z,0.05,0.04
2020-11-19T11:19:05.386Z,0.04,0.03
2020-11-19T11:19:05.388Z,0.05,0.03
2020-11-19T11:19:05.402Z,0.04,0.03
2020-11-19T11:19:05.418Z,0.04,0.03
2020-11-19T11:19:05.422Z,0.04,0.04
2020-11-19T11:19:05.436Z,0.04,0.04
2020-11-19T11:19:05.450Z,0.05,0.04
2020-11-19T11:19:05.466Z,0.05,0.04
2020-11-19T11:19:05.466Z,0.04,0.04
2020-11-19T11:19:05.482Z,0.05,0.03
2020-11-19T11:19:05.498Z,0.05,0.04
2020-11-19T11:19:05.514Z,0.05,0.03
2020-11-19T11:19:05.515Z,0.05,0.04
2020-11-19T11:19:05.530Z,0.05,0.04
2020-11-19T11:19:05.546Z,0.05,0.04
2020-11-19T11:19:05.546Z,0.05,0.05
2020-11-19T11:19:05.562Z,0.05,0.03
2020-11-19T11:19:05.578Z,0.04,0.04
2020-11-19T11:19:05.594Z,0.05,0.04
2020-11-19T11:19:05.594Z,0.04,0.03
2020-11-19T11:19:05.610Z,0.05,0.04
2020-11-19T11:19:05.626Z,0.05,0.04
2020-11-19T11:19:05.626Z,0.05,0.04
2020-11-19T11:19:05.641Z,0.05,0.04
2020-11-19T11:19:05.657Z,0.05,0.04
2020-11-19T11:19:05.673Z,0.05,0.03
2020-11-19T11:19:05.674Z,0.05,0.03
2020-11-19T11:19:05.689Z,0.05,0.03
2020-11-19T11:19:05.706Z,0.05,0.04
2020-11-19T11:19:05.707Z,0.04,0.04
2020-11-19T11:19:05.721Z,0.04,0.03
2020-11-19T11:19:05.737Z,0.05,0.04
2020-11-19T11:19:05.753Z,0.05,0.04
2020-11-19T11:19:05.756Z,0.04,0.04
2020-11-19T11:19:05.769Z,0.05,0.03
2020-11-19T11:19:05.785Z,0.05,0.04
2020-11-19T11:19:05.801Z,0.04,0.03
2020-11-19T11:19:05.805Z,0.05,0.04
2020-11-19T11:19:05.817Z,0.05,0.04
2020-11-19T11:19:05.833Z,0.05,0.03
2020-11-19T11:19:05.834Z,0.05,0.03
2020-11-19T11:19:05.849Z,0.05,0.03
2020-11-19T11:19:05.865Z,0.05,0.04
2020-11-19T11:19:05.881Z,0.04,0.04
2020-11-19T11:19:05.881Z,0.05,0.04
2020-11-19T11:19:05.897Z,0.05,0.04
2020-11-19T11:19:05.913Z,0.05,0.04
2020-11-19T11:19:05.913Z,0.05,0.04
2020-11-19T11:19:05.929Z,0.05,0.04
2020-11-19T11:19:05.944Z,0.05,0.04
2020-11-19T11:19:05.960Z,0.04,0.04
2020-11-19T11:19:05.961Z,0.05,0.04
2020-11-19T11:19:05.976Z,0.05,0.04
2020-11-19T11:19:05.992Z,0.05,0.04
2020-11-19T11:19:05.993Z,0.05,0.04
2020-11-19T11:19:06.008Z,0.05,0.03
2020-11-19T11:19:06.024Z,0.05,0.04
2020-11-19T11:19:06.040Z,0.04,0.04
2020-11-19T11:19:06.041Z,0.04,0.04
2020-11-19T11:19:06.056Z,0.04,0.03
2020-11-19T11:19:06.072Z,0.04,0.04
2020-11-19T11:19:06.088Z,0.05,0.04
2020-11-19T11:19:06.089Z,0.05,0.04
2020-11-19T11:19:06.104Z,0.05,0.04
2020-11-19T11:19:06.120Z,0.04,0.04
2020-11-19T11:19:06.122Z,0.05,0.04
2020-11-19T11:19:06.136Z,0.04,0.03
2020-11-19T11:19:06.152Z,0.04,0.03
2020-11-19T11:19:06.168Z,0.05,0.04
2020-11-19T11:19:06.172Z,0.05,0.05
2020-11-19T11:19:06.184Z,0.05,0.03
2020-11-19T11:19:06.200Z,0.05,0.03
2020-11-19T11:19:06.200Z,0.04,0.04
2020-11-19T11:19:06.216Z,0.05,0.04
2020-11-19T11:19:06.232Z,0.05,0.04
2020-11-19T11:19:06.248Z,0.04,0.04
2020-11-19T11:19:06.248Z,0.04,0.04
2020-11-19T11:19:06.264Z,0.05,0.03
2020-11-19T11:19:06.280Z,0.04,0.03
2020-11-19T11:19:06.280Z,0.04,0.03
2020-11-19T11:19:06.295Z,0.05,0.03
2020-11-19T11:19:06.311Z,0.05,0.03
2020-11-19T11:19:06.327Z,0.05,0.04
2020-11-19T11:19:06.328Z,0.05,0.04
2020-11-19T11:19:06.343Z,0.05,0.04
2020-11-19T11:19:06.359Z,0.04,0.04
2020-11-19T11:19:06.375Z,0.05,0.04
2020-11-19T11:19:06.376Z,0.04,0.04
2020-11-19T11:19:06.391Z,0.05,0.02
2020-11-19T11:19:06.407Z,0.05,0.04
2020-11-19T11:19:06.408Z,0.04,0.04
2020-11-19T11:19:06.423Z,0.04,0.04
2020-11-19T11:19:06.439Z,0.05,0.03
2020-11-19T11:19:06.455Z,0.04,0.03
2020-11-19T11:19:06.456Z,0.04,0.03
2020-11-19T11:19:06.472Z,0.04,0.04
2020-11-19T11:19:06.487Z,0.05,0.04
2020-11-19T11:19:06.489Z,0.05,0.04
2020-11-19T11:19:06.503Z,0.05,0.04
2020-11-19T11:19:06.519Z,0.04,0.03
2020-11-19T11:19:06.535Z,0.04,0.04
2020-11-19T11:19:06.539Z,0.05,0.04
2020-11-19T11:19:06.551Z,0.05,0.04
2020-11-19T11:19:06.567Z,0.05,0.04
2020-11-19T11:19:06.568Z,0.05,0.03
2020-11-19T11:19:06.583Z,0.05,0.04
2020-11-19T11:19:06.599Z,0.05,0.03
2020-11-19T11:19:06.615Z,0.05,0.04
2020-11-19T11:19:06.615Z,0.05,0.03
2020-11-19T11:19:06.631Z,0.05,0.04
2020-11-19T11:19:06.646Z,0.05,0.04
2020-11-19T11:19:06.663Z,0.05,0.04
2020-11-19T11:19:06.663Z,0.05,0.04
2020-11-19T11:19:06.678Z,0.05,0.04
2020-11-19T11:19:06.694Z,0.05,0.04
2020-11-19T11:19:06.695Z,0.05,0.05
2020-11-19T11:19:06.710Z,0.05,0.04
2020-11-19T11:19:06.726Z,0.05,0.04
2020-11-19T11:19:06.742Z,0.05,0.04
2020-11-19T11:19:06.743Z,0.05,0.04
2020-11-19T11:19:06.758Z,0.05,0.04
2020-11-19T11:19:06.774Z,0.05,0.04
2020-11-19T11:19:06.775Z,0.05,0.04
2020-11-19T11:19:06.790Z,0.04,0.04
2020-11-19T11:19:06.806Z,0.05,0.04
2020-11-19T11:19:06.822Z,0.05,0.04
2020-11-19T11:19:06.823Z,0.05,0.04
2020-11-19T11:19:06.839Z,0.05,0.03
2020-11-19T11:19:06.855Z,0.04,0.04
2020-11-19T11:19:06.856Z,0.05,0.05
2020-11-19T11:19:06.870Z,0.05,0.04
2020-11-19T11:19:06.886Z,0.05,0.04
2020-11-19T11:19:06.902Z,0.04,0.04
2020-11-19T11:19:06.906Z,0.05,0.04
2020-11-19T11:19:06.919Z,0.04,0.04
2020-11-19T11:19:06.934Z,0.05,0.04
2020-11-19T11:19:06.950Z,0.05,0.03
2020-11-19T11:19:06.950Z,0.05,0.04
2020-11-19T11:19:06.966Z,0.05,0.04
2020-11-19T11:19:06.982Z,0.04,0.04
2020-11-19T11:19:06.982Z,0.05,0.04
2020-11-19T11:19:06.998Z,0.05,0.04
2020-11-19T11:19:07.013Z,0.05,0.03
2020-11-19T11:19:07.029Z,0.05,0.04
2020-11-19T11:19:07.030Z,0.05,0.04
2020-11-19T11:19:07.045Z,0.05,0.05
2020-11-19T11:19:07.061Z,0.05,0.04
2020-11-19T11:19:07.062Z,0.05,0.04
2020-11-19T11:19:07.077Z,0.05,0.04
2020-11-19T11:19:07.093Z,0.05,0.04
2020-11-19T11:19:07.109Z,0.05,0.04
2020-11-19T11:19:07.110Z,0.05,0.04
2020-11-19T11:19:07.125Z,0.05,0.04
2020-11-19T11:19:07.141Z,0.05,0.04
2020-11-19T11:19:07.142Z,0.05,0.04
2020-11-19T11:19:07.157Z,0.05,0.03
2020-11-19T11:19:07.173Z,0.05,0.04
2020-11-19T11:19:07.189Z,0.05,0.04
2020-11-19T11:19:07.190Z,0.05,0.04
2020-11-19T11:19:07.205Z,0.05,0.04
2020-11-19T11:19:07.221Z,0.05,0.04
2020-11-19T11:19:07.237Z,0.05,0.05
2020-11-19T11:19:07.240Z,0.05,0.04
2020-11-19T11:19:07.253Z,0.05,0.04
2020-11-19T11:19:07.269Z,0.05,0.04
2020-11-19T11:19:07.274Z,0.05,0.05
2020-11-19T11:19:07.285Z,0.05,0.04
2020-11-19T11:19:07.302Z,0.05,0.04
2020-11-19T11:19:07.317Z,0.05,0.04
2020-11-19T11:19:07.317Z,0.04,0.04
2020-11-19T11:19:07.333Z,0.05,0.04
2020-11-19T11:19:07.348Z,0.05,0.04
2020-11-19T11:19:07.349Z,0.04,0.03
2020-11-19T11:19:07.364Z,0.04,0.04
2020-11-19T11:19:07.380Z,0.05,0.04
2020-11-19T11:19:07.396Z,0.05,0.04
2020-11-19T11:19:07.397Z,0.05,0.03
2020-11-19T11:19:07.412Z,0.05,0.04
2020-11-19T11:19:07.428Z,0.05,0.04
2020-11-19T11:19:07.429Z,0.04,0.04
2020-11-19T11:19:07.444Z,0.04,0.04
2020-11-19T11:19:07.460Z,0.05,0.04
2020-11-19T11:19:07.476Z,0.05,0.04
2020-11-19T11:19:07.477Z,0.05,0.04
2020-11-19T11:19:07.492Z,0.05,0.04
2020-11-19T11:19:07.508Z,0.05,0.05
2020-11-19T11:19:07.524Z,0.05,0.04
2020-11-19T11:19:07.525Z,0.05,0.04
2020-11-19T11:19:07.540Z,0.05,0.04
2020-11-19T11:19:07.556Z,0.05,0.04
2020-11-19T11:19:07.557Z,0.05,0.04
2020-11-19T11:19:07.572Z,0.05,0.04
2020-11-19T11:19:07.589Z,0.05,0.04
2020-11-19T11:19:07.605Z,0.05,0.05
2020-11-19T11:19:07.605Z,0.05,0.05
2020-11-19T11:19:07.620Z,0.05,0.04
2020-11-19T11:19:07.636Z,0.05,0.04
2020-11-19T11:19:07.639Z,0.05,0.04
2020-11-19T11:19:07.652Z,0.05,0.04
2020-11-19T11:19:07.668Z,0.05,0.04
2020-11-19T11:19:07.684Z,0.05,0.04
2020-11-19T11:19:07.685Z,0.05,0.04
2020-11-19T11:19:07.699Z,0.05,0.04
2020-11-19T11:19:07.715Z,0.05,0.04
2020-11-19T11:19:07.716Z,0.05,0.04
2020-11-19T11:19:07.731Z,0.05,0.04
2020-11-19T11:19:07.747Z,0.05,0.04
2020-11-19T11:19:07.763Z,0.05,0.04
2020-11-19T11:19:07.764Z,0.04,0.04
2020-11-19T11:19:07.779Z,0.05,0.04
2020-11-19T11:19:07.795Z,0.05,0.04
2020-11-19T11:19:07.811Z,0.05,0.04
2020-11-19T11:19:07.812Z,0.05,0.04
2020-11-19T11:19:07.827Z,0.05,0.04
2020-11-19T11:19:07.843Z,0.05,0.04
2020-11-19T11:19:07.844Z,0.05,0.04
2020-11-19T11:19:07.859Z,0.05,0.03
2020-11-19T11:19:07.875Z,0.05,0.04
2020-11-19T11:19:07.891Z,0.04,0.04
2020-11-19T11:19:07.892Z,0.05,0.04
2020-11-19T11:19:07.907Z,0.05,0.04
2020-11-19T11:19:07.923Z,0.05,0.04
2020-11-19T11:19:07.924Z,0.05,0.04
2020-11-19T11:19:07.939Z,0.04,0.04
2020-11-19T11:19:07.955Z,0.05,0.04
2020-11-19T11:19:07.971Z,0.05,0.04
2020-11-19T11:19:07.972Z,0.05,0.03
2020-11-19T11:19:07.987Z,0.05,0.04
2020-11-19T11:19:08.003Z,0.05,0.04
2020-11-19T11:19:08.005Z,0.05,0.04
2020-11-19T11:19:08.019Z,0.05,0.04
2020-11-19T11:19:08.035Z,0.05,0.04
2020-11-19T11:19:08.050Z,0.05,0.03
2020-11-19T11:19:08.056Z,0.05,0.04
2020-11-19T11:19:08.066Z,0.05,0.04
2020-11-19T11:19:08.082Z,0.05,0.04
2020-11-19T11:19:08.098Z,0.04,0.04
2020-11-19T11:19:08.099Z,0.05,0.04
2020-11-19T11:19:08.114Z,0.05,0.04
2020-11-19T11:19:08.130Z,0.05,0.04
2020-11-19T11:19:08.131Z,0.04,0.04
2020-11-19T11:19:08.146Z,0.05,0.04
2020-11-19T11:19:08.162Z,0.05,0.04
2020-11-19T11:19:08.178Z,0.05,0.04
2020-11-19T11:19:08.179Z,0.05,0.04
2020-11-19T11:19:08.194Z,0.05,0.04
2020-11-19T11:19:08.210Z,0.05,0.04
2020-11-19T11:19:08.210Z,0.05,0.04
2020-11-19T11:19:08.226Z,0.05,0.03
2020-11-19T11:19:08.242Z,0.05,0.03
2020-11-19T11:19:08.258Z,0.05,0.04
2020-11-19T11:19:08.258Z,0.05,0.04
2020-11-19T11:19:08.274Z,0.05,0.04
2020-11-19T11:19:08.290Z,0.05,0.04
2020-11-19T11:19:08.290Z,0.05,0.04
2020-11-19T11:19:08.306Z,0.05,0.04
2020-11-19T11:19:08.322Z,0.05,0.04
2020-11-19T11:19:08.338Z,0.05,0.04
2020-11-19T11:19:08.339Z,0.05,0.04
2020-11-19T11:19:08.354Z,0.05,0.04
2020-11-19T11:19:08.370Z,0.05,0.04
2020-11-19T11:19:08.386Z,0.05,0.04
2020-11-19T11:19:08.389Z,0.05,0.04
2020-11-19T11:19:08.401Z,0.05,0.04
2020-11-19T11:19:08.418Z,0.05,0.04
2020-11-19T11:19:08.422Z,0.05,0.04
2020-11-19T11:19:08.433Z,0.05,0.04
2020-11-19T11:19:08.449Z,0.05,0.04
2020-11-19T11:19:08.465Z,0.06,0.04
2020-11-19T11:19:08.466Z,0.05,0.04
2020-11-19T11:19:08.481Z,0.05,0.04
2020-11-19T11:19:08.497Z,0.05,0.04
2020-11-19T11:19:08.498Z,0.05,0.04
2020-11-19T11:19:08.513Z,0.05,0.04
2020-11-19T11:19:08.529Z,0.05,0.04
2020-11-19T11:19:08.545Z,0.05,0.04
2020-11-19T11:19:08.546Z,0.05,0.04
2020-11-19T11:19:08.561Z,0.05,0.04
2020-11-19T11:19:08.577Z,0.05,0.04
2020-11-19T11:19:08.578Z,0.04,0.04
2020-11-19T11:19:08.593Z,0.05,0.04
2020-11-19T11:19:08.609Z,0.05,0.03
2020-11-19T11:19:08.625Z,0.06,0.04
2020-11-19T11:19:08.625Z,0.05,0.04
2020-11-19T11:19:08.641Z,0.05,0.04
2020-11-19T11:19:08.657Z,0.05,0.04
2020-11-19T11:19:08.673Z,0.05,0.04
2020-11-19T11:19:08.674Z,0.05,0.04
2020-11-19T11:19:08.689Z,0.05,0.05
2020-11-19T11:19:08.705Z,0.05,0.04
2020-11-19T11:19:08.706Z,0.05,0.03
2020-11-19T11:19:08.721Z,0.05,0.04
2020-11-19T11:19:08.737Z,0.05,0.04
2020-11-19T11:19:08.752Z,0.05,0.04
2020-11-19T11:19:08.755Z,0.05,0.04
2020-11-19T11:19:08.769Z,0.05,0.04
2020-11-19T11:19:08.785Z,0.05,0.04
2020-11-19T11:19:08.789Z,0.05,0.04
2020-11-19T11:19:08.800Z,0.05,0.05
2020-11-19T11:19:08.816Z,0.05,0.04
2020-11-19T11:19:08.832Z,0.05,0.04
2020-11-19T11:19:08.833Z,0.05,0.03
2020-11-19T11:19:08.848Z,0.05,0.04
2020-11-19T11:19:08.864Z,0.05,0.04
2020-11-19T11:19:08.865Z,0.05,0.04
2020-11-19T11:19:08.880Z,0.05,0.04
2020-11-19T11:19:08.896Z,0.05,0.04
2020-11-19T11:19:08.912Z,0.05,0.05
2020-11-19T11:19:08.913Z,0.05,0.04
2020-11-19T11:19:08.928Z,0.04,0.04
2020-11-19T11:19:08.944Z,0.04,0.04
2020-11-19T11:19:08.960Z,0.05,0.04
2020-11-19T11:19:08.960Z,0.05,0.04
2020-11-19T11:19:08.976Z,0.05,0.04
2020-11-19T11:19:08.992Z,0.05,0.04
2020-11-19T11:19:08.992Z,0.05,0.05
2020-11-19T11:19:09.008Z,0.05,0.05
2020-11-19T11:19:09.024Z,0.05,0.04
2020-11-19T11:19:09.040Z,0.05,0.04
2020-11-19T11:19:09.040Z,0.05,0.04
2020-11-19T11:19:09.056Z,0.04,0.04
2020-11-19T11:19:09.072Z,0.05,0.05
2020-11-19T11:19:09.073Z,0.05,0.04
2020-11-19T11:19:09.088Z,0.05,0.03
2020-11-19T11:19:09.104Z,0.05,0.04
2020-11-19T11:19:09.119Z,0.05,0.04
2020-11-19T11:19:09.122Z,0.05,0.04
2020-11-19T11:19:09.135Z,0.05,0.04
2020-11-19T11:19:09.152Z,0.05,0.04
2020-11-19T11:19:09.155Z,0.05,0.04
2020-11-19T11:19:09.167Z,0.05,0.04
2020-11-19T11:19:09.183Z,0.05,0.04
2020-11-19T11:19:09.199Z,0.05,0.04
2020-11-19T11:19:09.200Z,0.05,0.04
2020-11-19T11:19:09.215Z,0.05,0.04
2020-11-19T11:19:09.231Z,0.05,0.04
2020-11-19T11:19:09.247Z,0.05,0.04
2020-11-19T11:19:09.248Z,0.05,0.05
2020-11-19T11:19:09.263Z,0.05,0.05
2020-11-19T11:19:09.279Z,0.05,0.04
2020-11-19T11:19:09.280Z,0.05,0.04
2020-11-19T11:19:09.295Z,0.05,0.04
2020-11-19T11:19:09.311Z,0.05,0.04
2020-11-19T11:19:09.327Z,0.05,0.04
2020-11-19T11:19:09.328Z,0.05,0.04
2020-11-19T11:19:09.343Z,0.05,0.04
2020-11-19T11:19:09.359Z,0.05,0.05
2020-11-19T11:19:09.359Z,0.05,0.05
2020-11-19T11:19:09.375Z,0.05,0.05
2020-11-19T11:19:09.391Z,0.05,0.04
2020-11-19T11:19:09.407Z,0.05,0.04
2020-11-19T11:19:09.408Z,0.05,0.04
2020-11-19T11:19:09.423Z,0.05,0.04
2020-11-19T11:19:09.439Z,0.05,0.04
2020-11-19T11:19:09.440Z,0.05,0.04
2020-11-19T11:19:09.454Z,0.05,0.04
2020-11-19T11:19:09.470Z,0.05,0.04
2020-11-19T11:19:09.486Z,0.05,0.04
2020-11-19T11:19:09.490Z,0.06,0.04
2020-11-19T11:19:09.502Z,0.05,0.04
2020-11-19T11:19:09.518Z,0.05,0.04
2020-11-19T11:19:09.534Z,0.05,0.04
2020-11-19T11:19:09.538Z,0.05,0.03
2020-11-19T11:19:09.550Z,0.05,0.04
2020-11-19T11:19:09.566Z,0.05,0.04
2020-11-19T11:19:09.567Z,0.05,0.04
2020-11-19T11:19:09.582Z,0.05,0.04
2020-11-19T11:19:09.598Z,0.05,0.04
2020-11-19T11:19:09.614Z,0.05,0.04
2020-11-19T11:19:09.615Z,0.05,0.04
2020-11-19T11:19:09.630Z,0.05,0.04
2020-11-19T11:19:09.646Z,0.05,0.04
2020-11-19T11:19:09.646Z,0.05,0.04
2020-11-19T11:19:09.662Z,0.05,0.04
2020-11-19T11:19:09.678Z,0.06,0.04
2020-11-19T11:19:09.694Z,0.05,0.05
2020-11-19T11:19:09.695Z,0.06,0.04
2020-11-19T11:19:09.710Z,0.05,0.04
2020-11-19T11:19:09.726Z,0.05,0.05
2020-11-19T11:19:09.726Z,0.05,0.04
2020-11-19T11:19:09.742Z,0.05,0.04
2020-11-19T11:19:09.758Z,0.05,0.04
2020-11-19T11:19:09.774Z,0.05,0.04
2020-11-19T11:19:09.774Z,0.05,0.04
2020-11-19T11:19:09.789Z,0.05,0.04
2020-11-19T11:19:09.806Z,0.05,0.04
2020-11-19T11:19:09.821Z,0.05,0.04
2020-11-19T11:19:09.822Z,0.05,0.04
2020-11-19T11:19:09.837Z,0.05,0.04
2020-11-19T11:19:09.853Z,0.05,0.04
2020-11-19T11:19:09.855Z,0.05,0.04
2020-11-19T11:19:09.869Z,0.05,0.03
2020-11-19T11:19:09.885Z,0.05,0.05
2020-11-19T11:19:09.901Z,0.05,0.04
2020-11-19T11:19:09.908Z,0.05,0.03
2020-11-19T11:19:09.917Z,0.05,0.04
2020-11-19T11:19:09.933Z,0.05,0.04
2020-11-19T11:19:09.934Z,0.05,0.05
2020-11-19T11:19:09.949Z,0.05,0.04
2020-11-19T11:19:09.965Z,0.05,0.04
2020-11-19T11:19:09.981Z,0.05,0.04
2020-11-19T11:19:09.982Z,0.05,0.04
2020-11-19T11:19:10.007Z,0.05,0.04
2020-11-19T11:19:10.013Z,0.05,0.04
2020-11-19T11:19:10.013Z,0.05,0.04
2020-11-19T11:19:10.029Z,0.05,0.04
2020-11-19T11:19:10.045Z,0.05,0.04
2020-11-19T11:19:10.061Z,0.05,0.04
2020-11-19T11:19:10.061Z,0.05,0.04
2020-11-19T11:19:10.077Z,0.05,0.04
2020-11-19T11:19:10.093Z,0.05,0.05
2020-11-19T11:19:10.109Z,0.05,0.04
2020-11-19T11:19:10.109Z,0.05,0.03
2020-11-19T11:19:10.124Z,0.05,0.04
2020-11-19T11:19:10.140Z,0.05,0.04
2020-11-19T11:19:10.141Z,0.05,0.03
2020-11-19T11:19:10.156Z,0.05,0.04
2020-11-19T11:19:10.172Z,0.05,0.03
2020-11-19T11:19:10.188Z,0.05,0.05
2020-11-19T11:19:10.189Z,0.05,0.04
2020-11-19T11:19:10.204Z,0.05,0.04
2020-11-19T11:19:10.220Z,0.04,0.04
2020-11-19T11:19:10.225Z,0.05,0.04
2020-11-19T11:19:10.236Z,0.05,0.04
2020-11-19T11:19:10.252Z,0.04,0.05
2020-11-19T11:19:10.268Z,0.05,0.04
2020-11-19T11:19:10.272Z,0.05,0.05
2020-11-19T11:19:10.284Z,0.05,0.04
2020-11-19T11:19:10.300Z,0.05,0.04
2020-11-19T11:19:10.301Z,0.05,0.04
2020-11-19T11:19:10.316Z,0.05,0.04
2020-11-19T11:19:10.332Z,0.05,0.05
2020-11-19T11:19:10.348Z,0.05,0.04
2020-11-19T11:19:10.348Z,0.05,0.04
2020-11-19T11:19:10.364Z,0.05,0.04
2020-11-19T11:19:10.380Z,0.05,0.05
2020-11-19T11:19:10.396Z,0.04,0.05
2020-11-19T11:19:10.396Z,0.05,0.04
2020-11-19T11:19:10.412Z,0.06,0.04
2020-11-19T11:19:10.428Z,0.05,0.04
2020-11-19T11:19:10.428Z,0.05,0.04
2020-11-19T11:19:10.444Z,0.05,0.04
2020-11-19T11:19:10.460Z,0.05,0.04
2020-11-19T11:19:10.476Z,0.05,0.04
2020-11-19T11:19:10.476Z,0.05,0.04
2020-11-19T11:19:10.491Z,0.05,0.04
2020-11-19T11:19:10.507Z,0.05,0.04
2020-11-19T11:19:10.508Z,0.05,0.05
2020-11-19T11:19:10.523Z,0.05,0.05
2020-11-19T11:19:10.539Z,0.05,0.04
2020-11-19T11:19:10.555Z,0.05,0.04
2020-11-19T11:19:10.556Z,0.05,0.04
2020-11-19T11:19:10.571Z,0.05,0.04
2020-11-19T11:19:10.587Z,0.05,0.04
2020-11-19T11:19:10.589Z,0.05,0.05
2020-11-19T11:19:10.603Z,0.05,0.04
2020-11-19T11:19:10.619Z,0.05,0.03
2020-11-19T11:19:10.635Z,0.05,0.05
2020-11-19T11:19:10.638Z,0.05,0.04
2020-11-19T11:19:10.651Z,0.05,0.05
2020-11-19T11:19:10.667Z,0.06,0.04
2020-11-19T11:19:10.683Z,0.05,0.04
2020-11-19T11:19:10.683Z,0.05,0.04
2020-11-19T11:19:10.699Z,0.05,0.04
2020-11-19T11:19:10.715Z,0.05,0.04
2020-11-19T11:19:10.716Z,0.05,0.05
2020-11-19T11:19:10.731Z,0.05,0.04
2020-11-19T11:19:10.747Z,0.05,0.04
2020-11-19T11:19:10.763Z,0.05,0.04
2020-11-19T11:19:10.763Z,0.05,0.04
2020-11-19T11:19:10.779Z,0.06,0.04
2020-11-19T11:19:10.795Z,0.05,0.04
2020-11-19T11:19:10.795Z,0.05,0.05
2020-11-19T11:19:10.811Z,0.05,0.04
2020-11-19T11:19:10.826Z,0.05,0.04
2020-11-19T11:19:10.842Z,0.05,0.04
2020-11-19T11:19:10.843Z,0.05,0.05
2020-11-19T11:19:10.858Z,0.05,0.04
2020-11-19T11:19:10.874Z,0.04,0.05
2020-11-19T11:19:10.875Z,0.05,0.05
2020-11-19T11:19:10.890Z,0.05,0.04
2020-11-19T11:19:10.906Z,0.05,0.04
2020-11-19T11:19:10.922Z,0.05,0.04
2020-11-19T11:19:10.923Z,0.05,0.05
2020-11-19T11:19:10.938Z,0.05,0.04
2020-11-19T11:19:10.954Z,0.05,0.03
2020-11-19T11:19:10.970Z,0.05,0.04
2020-11-19T11:19:10.974Z,0.04,0.04
2020-11-19T11:19:10.986Z,0.05,0.04
2020-11-19T11:19:11.002Z,0.05,0.04
2020-11-19T11:19:11.008Z,0.05,0.04
2020-11-19T11:19:11.018Z,0.05,0.05
2020-11-19T11:19:11.034Z,0.06,0.04
2020-11-19T11:19:11.050Z,0.06,0.04
2020-11-19T11:19:11.051Z,0.05,0.05
2020-11-19T11:19:11.066Z,0.05,0.04
2020-11-19T11:19:11.082Z,0.05,0.03
2020-11-19T11:19:11.083Z,0.05,0.04
2020-11-19T11:19:11.098Z,0.05,0.04
2020-11-19T11:19:11.114Z,0.05,0.04
2020-11-19T11:19:11.130Z,0.05,0.05
2020-11-19T11:19:11.131Z,0.05,0.04
2020-11-19T11:19:11.146Z,0.05,0.04
2020-11-19T11:19:11.162Z,0.06,0.05
2020-11-19T11:19:11.162Z,0.06,0.04
2020-11-19T11:19:11.177Z,0.05,0.04
2020-11-19T11:19:11.193Z,0.05,0.03
2020-11-19T11:19:11.209Z,0.05,0.04
2020-11-19T11:19:11.210Z,0.05,0.04
2020-11-19T11:19:11.225Z,0.05,0.04
2020-11-19T11:19:11.241Z,0.05,0.04
2020-11-19T11:19:11.257Z,0.05,0.04
2020-11-19T11:19:11.258Z,0.06,0.04
2020-11-19T11:19:11.273Z,0.06,0.05
2020-11-19T11:19:11.289Z,0.06,0.04
2020-11-19T11:19:11.290Z,0.05,0.04
2020-11-19T11:19:11.305Z,0.05,0.04
2020-11-19T11:19:11.321Z,0.05,0.03
2020-11-19T11:19:11.337Z,0.05,0.04
2020-11-19T11:19:11.339Z,0.05,0.04
2020-11-19T11:19:11.353Z,0.05,0.04
2020-11-19T11:19:11.369Z,0.05,0.04
2020-11-19T11:19:11.372Z,0.06,0.04
2020-11-19T11:19:11.385Z,0.06,0.04
2020-11-19T11:19:11.401Z,0.05,0.04
2020-11-19T11:19:11.417Z,0.05,0.05
2020-11-19T11:19:11.417Z,0.05,0.04
2020-11-19T11:19:11.433Z,0.05,0.04
2020-11-19T11:19:11.449Z,0.05,0.04
2020-11-19T11:19:11.450Z,0.05,0.04
2020-11-19T11:19:11.465Z,0.05,0.04
2020-11-19T11:19:11.481Z,0.05,0.04
2020-11-19T11:19:11.497Z,0.06,0.05
2020-11-19T11:19:11.497Z,0.05,0.04
2020-11-19T11:19:11.513Z,0.06,0.04
2020-11-19T11:19:11.532Z,0.05,0.04
2020-11-19T11:19:11.544Z,0.05,0.04
2020-11-19T11:19:11.545Z,0.05,0.04
2020-11-19T11:19:11.560Z,0.05,0.04
2020-11-19T11:19:11.576Z,0.05,0.04
2020-11-19T11:19:11.577Z,0.05,0.04
2020-11-19T11:19:11.592Z,0.05,0.04
2020-11-19T11:19:11.608Z,0.05,0.05
2020-11-19T11:19:11.624Z,0.06,0.04
2020-11-19T11:19:11.625Z,0.05,0.04
2020-11-19T11:19:11.640Z,0.05,0.04
2020-11-19T11:19:11.656Z,0.05,0.04
2020-11-19T11:19:11.657Z,0.05,0.05
2020-11-19T11:19:11.672Z,0.05,0.04
2020-11-19T11:19:11.688Z,0.05,0.04
2020-11-19T11:19:11.704Z,0.05,0.05
2020-11-19T11:19:11.705Z,0.05,0.04
2020-11-19T11:19:11.720Z,0.05,0.04
2020-11-19T11:19:11.736Z,0.05,0.04
2020-11-19T11:19:11.739Z,0.05,0.04
2020-11-19T11:19:11.752Z,0.05,0.04
2020-11-19T11:19:11.768Z,0.06,0.04
2020-11-19T11:19:11.784Z,0.05,0.04
2020-11-19T11:19:11.785Z,0.05,0.04
2020-11-19T11:19:11.800Z,0.05,0.04
2020-11-19T11:19:11.816Z,0.05,0.04
2020-11-19T11:19:11.832Z,0.05,0.04
2020-11-19T11:19:11.832Z,0.05,0.04
2020-11-19T11:19:11.848Z,0.05,0.05
2020-11-19T11:19:11.864Z,0.06,0.04
2020-11-19T11:19:11.864Z,0.05,0.04
2020-11-19T11:19:11.879Z,0.05,0.04
2020-11-19T11:19:11.895Z,0.05,0.05
2020-11-19T11:19:11.911Z,0.05,0.04
2020-11-19T11:19:11.912Z,0.06,0.03
2020-11-19T11:19:11.927Z,0.05,0.04
2020-11-19T11:19:11.943Z,0.06,0.04
2020-11-19T11:19:11.944Z,0.05,0.04
2020-11-19T11:19:11.959Z,0.05,0.05
2020-11-19T11:19:11.975Z,0.06,0.05
2020-11-19T11:19:11.991Z,0.05,0.04
2020-11-19T11:19:11.992Z,0.05,0.04
2020-11-19T11:19:12.007Z,0.05,0.05
2020-11-19T11:19:12.023Z,0.06,0.04
2020-11-19T11:19:12.024Z,0.05,0.03
2020-11-19T11:19:12.041Z,0.05,0.04
2020-11-19T11:19:12.055Z,0.06,0.05
2020-11-19T11:19:12.071Z,0.06,0.04
2020-11-19T11:19:12.072Z,0.05,0.04
2020-11-19T11:19:12.087Z,0.06,0.04
2020-11-19T11:19:12.103Z,0.06,0.03
2020-11-19T11:19:12.119Z,0.05,0.04
2020-11-19T11:19:12.122Z,0.05,0.05
2020-11-19T11:19:12.136Z,0.05,0.04
2020-11-19T11:19:12.151Z,0.06,0.04
2020-11-19T11:19:12.155Z,0.05,0.04
2020-11-19T11:19:12.167Z,0.06,0.05
2020-11-19T11:19:12.183Z,0.05,0.05
2020-11-19T11:19:12.199Z,0.05,0.04
2020-11-19T11:19:12.199Z,0.05,0.04
2020-11-19T11:19:12.214Z,0.05,0.05
2020-11-19T11:19:12.230Z,0.05,0.04
2020-11-19T11:19:12.231Z,0.05,0.04
2020-11-19T11:19:12.246Z,0.05,0.04
2020-11-19T11:19:12.262Z,0.06,0.04
2020-11-19T11:19:12.278Z,0.05,0.04
2020-11-19T11:19:12.279Z,0.05,0.05
2020-11-19T11:19:12.294Z,0.05,0.04
2020-11-19T11:19:12.310Z,0.05,0.05
2020-11-19T11:19:12.311Z,0.05,0.04
2020-11-19T11:19:12.326Z,0.06,0.04
2020-11-19T11:19:12.342Z,0.05,0.04
2020-11-19T11:19:12.358Z,0.05,0.04
2020-11-19T11:19:12.359Z,0.05,0.04
2020-11-19T11:19:12.374Z,0.05,0.04
2020-11-19T11:19:12.390Z,0.06,0.05
2020-11-19T11:19:12.406Z,0.05,0.04
2020-11-19T11:19:12.408Z,0.06,0.04
2020-11-19T11:19:12.422Z,0.05,0.04
2020-11-19T11:19:12.438Z,0.05,0.04
2020-11-19T11:19:12.441Z,0.05,0.04
2020-11-19T11:19:12.454Z,0.05,0.04
2020-11-19T11:19:12.470Z,0.05,0.04
2020-11-19T11:19:12.486Z,0.05,0.04
2020-11-19T11:19:12.491Z,0.05,0.04
2020-11-19T11:19:12.502Z,0.05,0.04
2020-11-19T11:19:12.518Z,0.06,0.04
2020-11-19T11:19:12.525Z,0.05,0.05
2020-11-19T11:19:12.533Z,0.06,0.04
2020-11-19T11:19:12.550Z,0.05,0.05
2020-11-19T11:19:12.565Z,0.05,0.04
2020-11-19T11:19:12.566Z,0.05,0.04
2020-11-19T11:19:12.581Z,0.06,0.04
2020-11-19T11:19:12.597Z,0.05,0.04
2020-11-19T11:19:12.598Z,0.06,0.05
2020-11-19T11:19:12.613Z,0.05,0.05
2020-11-19T11:19:12.629Z,0.05,0.04
2020-11-19T11:19:12.645Z,0.06,0.03
2020-11-19T11:19:12.646Z,0.06,0.04
2020-11-19T11:19:12.661Z,0.06,0.04
2020-11-19T11:19:12.677Z,0.05,0.04
2020-11-19T11:19:12.693Z,0.06,0.03
2020-11-19T11:19:12.694Z,0.05,0.04
2020-11-19T11:19:12.709Z,0.05,0.04
2020-11-19T11:19:12.725Z,0.05,0.05
2020-11-19T11:19:12.726Z,0.05,0.04
2020-11-19T11:19:12.741Z,0.05,0.04
2020-11-19T11:19:12.757Z,0.05,0.04
2020-11-19T11:19:12.776Z,0.05,0.05
2020-11-19T11:19:12.777Z,0.06,0.04
2020-11-19T11:19:12.789Z,0.05,0.04
2020-11-19T11:19:12.805Z,0.05,0.04
2020-11-19T11:19:12.810Z,0.06,0.04
2020-11-19T11:19:12.821Z,0.05,0.05
2020-11-19T11:19:12.837Z,0.05,0.04
2020-11-19T11:19:12.853Z,0.05,0.03
2020-11-19T11:19:12.860Z,0.05,0.04
2020-11-19T11:19:12.869Z,0.06,0.04
2020-11-19T11:19:12.885Z,0.06,0.04
2020-11-19T11:19:12.893Z,0.05,0.05
2020-11-19T11:19:12.901Z,0.06,0.04
2020-11-19T11:19:12.917Z,0.06,0.04
2020-11-19T11:19:12.933Z,0.05,0.04
2020-11-19T11:19:12.933Z,0.06,0.04
2020-11-19T11:19:12.949Z,0.05,0.04
2020-11-19T11:19:12.964Z,0.05,0.04
2020-11-19T11:19:12.980Z,0.05,0.04
2020-11-19T11:19:12.981Z,0.06,0.04
2020-11-19T11:19:12.996Z,0.05,0.05
2020-11-19T11:19:13.012Z,0.05,0.04
2020-11-19T11:19:13.013Z,0.05,0.04
2020-11-19T11:19:13.028Z,0.06,0.03
2020-11-19T11:19:13.044Z,0.05,0.05
2020-11-19T11:19:13.060Z,0.05,0.04
2020-11-19T11:19:13.061Z,0.06,0.04
2020-11-19T11:19:13.076Z,0.05,0.04
2020-11-19T11:19:13.092Z,0.05,0.04
2020-11-19T11:19:13.093Z,0.05,0.04
2020-11-19T11:19:13.108Z,0.05,0.04
2020-11-19T11:19:13.124Z,0.05,0.04
2020-11-19T11:19:13.140Z,0.05,0.04
2020-11-19T11:19:13.143Z,0.05,0.04
2020-11-19T11:19:13.156Z,0.06,0.04
2020-11-19T11:19:13.172Z,0.06,0.04
2020-11-19T11:19:13.173Z,0.05,0.04
2020-11-19T11:19:13.188Z,0.05,0.04
2020-11-19T11:19:13.204Z,0.06,0.05
2020-11-19T11:19:13.220Z,0.05,0.04
2020-11-19T11:19:13.223Z,0.06,0.04
2020-11-19T11:19:13.236Z,0.06,0.04
2020-11-19T11:19:13.252Z,0.06,0.04
2020-11-19T11:19:13.267Z,0.05,0.05
2020-11-19T11:19:13.273Z,0.05,0.04
2020-11-19T11:19:13.283Z,0.05,0.04
2020-11-19T11:19:13.299Z,0.06,0.04
2020-11-19T11:19:13.300Z,0.06,0.04
2020-11-19T11:19:13.315Z,0.05,0.04
2020-11-19T11:19:13.331Z,0.06,0.04
2020-11-19T11:19:13.347Z,0.05,0.04
2020-11-19T11:19:13.348Z,0.05,0.04
2020-11-19T11:19:13.363Z,0.05,0.04
2020-11-19T11:19:13.379Z,0.05,0.04
2020-11-19T11:19:13.380Z,0.06,0.05
2020-11-19T11:19:13.395Z,0.05,0.04
2020-11-19T11:19:13.411Z,0.05,0.03
2020-11-19T11:19:13.427Z,0.06,0.04
2020-11-19T11:19:13.428Z,0.06,0.04
2020-11-19T11:19:13.443Z,0.05,0.04
2020-11-19T11:19:13.459Z,0.06,0.04
2020-11-19T11:19:13.460Z,0.05,0.04
2020-11-19T11:19:13.475Z,0.06,0.04
2020-11-19T11:19:13.491Z,0.06,0.04
2020-11-19T11:19:13.507Z,0.06,0.03
2020-11-19T11:19:13.509Z,0.05,0.04
2020-11-19T11:19:13.523Z,0.05,0.05
2020-11-19T11:19:13.539Z,0.05,0.04
2020-11-19T11:19:13.555Z,0.05,0.04
2020-11-19T11:19:13.560Z,0.05,0.04
2020-11-19T11:19:13.571Z,0.05,0.05
2020-11-19T11:19:13.587Z,0.05,0.05
2020-11-19T11:19:13.594Z,0.06,0.05
2020-11-19T11:19:13.603Z,0.06,0.04
2020-11-19T11:19:13.619Z,0.06,0.04
2020-11-19T11:19:13.635Z,0.05,0.04
2020-11-19T11:19:13.643Z,0.06,0.04
2020-11-19T11:19:13.650Z,0.05,0.05
2020-11-19T11:19:13.666Z,0.06,0.04
2020-11-19T11:19:13.667Z,0.06,0.04
2020-11-19T11:19:13.682Z,0.06,0.04
2020-11-19T11:19:13.698Z,0.06,0.04
2020-11-19T11:19:13.714Z,0.05,0.04
2020-11-19T11:19:13.715Z,0.06,0.04
2020-11-19T11:19:13.730Z,0.06,0.04
2020-11-19T11:19:13.746Z,0.05,0.05
2020-11-19T11:19:13.747Z,0.06,0.04
2020-11-19T11:19:13.762Z,0.06,0.05
2020-11-19T11:19:13.778Z,0.05,0.04
2020-11-19T11:19:13.794Z,0.06,0.04
2020-11-19T11:19:13.795Z,0.05,0.04
2020-11-19T11:19:13.810Z,0.05,0.04
2020-11-19T11:19:13.826Z,0.06,0.04
2020-11-19T11:19:13.842Z,0.06,0.05
2020-11-19T11:19:13.842Z,0.06,0.05
2020-11-19T11:19:13.858Z,0.06,0.04
2020-11-19T11:19:13.874Z,0.05,0.04
2020-11-19T11:19:13.875Z,0.06,0.04
2020-11-19T11:19:13.890Z,0.05,0.04
2020-11-19T11:19:13.906Z,0.06,0.04
2020-11-19T11:19:13.922Z,0.05,0.04
2020-11-19T11:19:13.922Z,0.05,0.04
2020-11-19T11:19:13.938Z,0.05,0.05
2020-11-19T11:19:13.954Z,0.05,0.04
2020-11-19T11:19:13.955Z,0.05,0.04
2020-11-19T11:19:13.969Z,0.06,0.04
2020-11-19T11:19:13.985Z,0.05,0.04
2020-11-19T11:19:14.001Z,0.05,0.04
2020-11-19T11:19:14.009Z,0.06,0.05
2020-11-19T11:19:14.017Z,0.05,0.04
2020-11-19T11:19:14.033Z,0.05,0.04
2020-11-19T11:19:14.034Z,0.05,0.04
2020-11-19T11:19:14.049Z,0.06,0.03
2020-11-19T11:19:14.065Z,0.06,0.05
2020-11-19T11:19:14.081Z,0.05,0.04
2020-11-19T11:19:14.082Z,0.05,0.04
2020-11-19T11:19:14.097Z,0.05,0.04
2020-11-19T11:19:14.113Z,0.06,0.04
2020-11-19T11:19:14.129Z,0.06,0.04
2020-11-19T11:19:14.130Z,0.06,0.04
2020-11-19T11:19:14.145Z,0.05,0.04
2020-11-19T11:19:14.161Z,0.05,0.04
2020-11-19T11:19:14.162Z,0.06,0.04
2020-11-19T11:19:14.177Z,0.06,0.04
2020-11-19T11:19:14.193Z,0.05,0.04
2020-11-19T11:19:14.209Z,0.05,0.04
2020-11-19T11:19:14.210Z,0.06,0.04
2020-11-19T11:19:14.225Z,0.06,0.04
2020-11-19T11:19:14.241Z,0.06,0.04
2020-11-19T11:19:14.241Z,0.06,0.04
2020-11-19T11:19:14.257Z,0.05,0.04
2020-11-19T11:19:14.273Z,0.05,0.04
2020-11-19T11:19:14.289Z,0.05,0.04
2020-11-19T11:19:14.294Z,0.05,0.04
2020-11-19T11:19:14.305Z,0.05,0.04
2020-11-19T11:19:14.321Z,0.06,0.04
2020-11-19T11:19:14.327Z,0.06,0.04
2020-11-19T11:19:14.337Z,0.05,0.04
2020-11-19T11:19:14.352Z,0.05,0.04
2020-11-19T11:19:14.368Z,0.05,0.04
2020-11-19T11:19:14.374Z,0.06,0.04
2020-11-19T11:19:14.384Z,0.06,0.04
2020-11-19T11:19:14.400Z,0.06,0.04
2020-11-19T11:19:14.416Z,0.05,0.04
2020-11-19T11:19:14.417Z,0.06,0.04
2020-11-19T11:19:14.432Z,0.05,0.04
2020-11-19T11:19:14.448Z,0.06,0.04
2020-11-19T11:19:14.449Z,0.06,0.04
2020-11-19T11:19:14.464Z,0.05,0.05
2020-11-19T11:19:14.480Z,0.05,0.04
2020-11-19T11:19:14.496Z,0.06,0.04
2020-11-19T11:19:14.497Z,0.06,0.04
2020-11-19T11:19:14.512Z,0.06,0.04
2020-11-19T11:19:14.528Z,0.05,0.04
2020-11-19T11:19:14.528Z,0.06,0.04
2020-11-19T11:19:14.544Z,0.05,0.05
2020-11-19T11:19:14.560Z,0.05,0.03
2020-11-19T11:19:14.576Z,0.05,0.04
2020-11-19T11:19:14.576Z,0.06,0.04
2020-11-19T11:19:14.592Z,0.05,0.04
2020-11-19T11:19:14.608Z,0.06,0.04
2020-11-19T11:19:14.608Z,0.05,0.04
2020-11-19T11:19:14.624Z,0.05,0.04
2020-11-19T11:19:14.640Z,0.06,0.05
2020-11-19T11:19:14.655Z,0.06,0.04
2020-11-19T11:19:14.657Z,0.05,0.04
2020-11-19T11:19:14.671Z,0.06,0.04
2020-11-19T11:19:14.687Z,0.05,0.04
2020-11-19T11:19:14.703Z,0.05,0.04
2020-11-19T11:19:14.707Z,0.05,0.04
2020-11-19T11:19:14.719Z,0.05,0.04
2020-11-19T11:19:14.735Z,0.06,0.04
2020-11-19T11:19:14.741Z,0.06,0.04
2020-11-19T11:19:14.751Z,0.05,0.05
2020-11-19T11:19:14.767Z,0.06,0.04
2020-11-19T11:19:14.783Z,0.06,0.04
2020-11-19T11:19:14.784Z,0.05,0.04
2020-11-19T11:19:14.799Z,0.05,0.04
2020-11-19T11:19:14.815Z,0.06,0.04
2020-11-19T11:19:14.816Z,0.05,0.04
2020-11-19T11:19:14.831Z,0.05,0.04
2020-11-19T11:19:14.847Z,0.06,0.04
2020-11-19T11:19:14.863Z,0.06,0.04
2020-11-19T11:19:14.864Z,0.06,0.04
2020-11-19T11:19:14.879Z,0.06,0.04
2020-11-19T11:19:14.895Z,0.05,0.04
2020-11-19T11:19:14.895Z,0.06,0.04
2020-11-19T11:19:14.911Z,0.06,0.04
2020-11-19T11:19:14.927Z,0.06,0.04
2020-11-19T11:19:14.943Z,0.06,0.05
2020-11-19T11:19:14.944Z,0.06,0.04
2020-11-19T11:19:14.959Z,0.06,0.04
2020-11-19T11:19:14.975Z,0.06,0.04
2020-11-19T11:19:14.991Z,0.06,0.04
2020-11-19T11:19:14.991Z,0.06,0.05
2020-11-19T11:19:15.006Z,0.06,0.04
2020-11-19T11:19:15.022Z,0.06,0.04
2020-11-19T11:19:15.024Z,0.05,0.04
2020-11-19T11:19:15.038Z,0.06,0.05
2020-11-19T11:19:15.054Z,0.06,0.05
2020-11-19T11:19:15.070Z,0.06,0.04
2020-11-19T11:19:15.074Z,0.05,0.04
2020-11-19T11:19:15.086Z,0.05,0.04
2020-11-19T11:19:15.102Z,0.06,0.04
2020-11-19T11:19:15.107Z,0.06,0.05
2020-11-19T11:19:15.118Z,0.05,0.04
2020-11-19T11:19:15.134Z,0.06,0.04
2020-11-19T11:19:15.150Z,0.06,0.03
2020-11-19T11:19:15.151Z,0.05,0.04
2020-11-19T11:19:15.166Z,0.05,0.04
2020-11-19T11:19:15.182Z,0.05,0.05
2020-11-19T11:19:15.183Z,0.06,0.04
2020-11-19T11:19:15.198Z,0.06,0.04
2020-11-19T11:19:15.214Z,0.06,0.04
2020-11-19T11:19:15.230Z,0.06,0.04
2020-11-19T11:19:15.231Z,0.06,0.04
2020-11-19T11:19:15.246Z,0.06,0.04
2020-11-19T11:19:15.262Z,0.06,0.04
2020-11-19T11:19:15.278Z,0.05,0.04
2020-11-19T11:19:15.278Z,0.05,0.05
2020-11-19T11:19:15.294Z,0.06,0.05
2020-11-19T11:19:15.310Z,0.06,0.04
2020-11-19T11:19:15.310Z,0.05,0.04
2020-11-19T11:19:15.326Z,0.06,0.04
2020-11-19T11:19:15.342Z,0.06,0.04
2020-11-19T11:19:15.358Z,0.06,0.04
2020-11-19T11:19:15.358Z,0.06,0.04
2020-11-19T11:19:15.373Z,0.06,0.04
2020-11-19T11:19:15.389Z,0.05,0.04
2020-11-19T11:19:15.391Z,0.06,0.04
2020-11-19T11:19:15.405Z,0.06,0.05
2020-11-19T11:19:15.421Z,0.06,0.05
2020-11-19T11:19:15.437Z,0.06,0.04
2020-11-19T11:19:15.441Z,0.06,0.05
2020-11-19T11:19:15.453Z,0.06,0.05
2020-11-19T11:19:15.469Z,0.06,0.04
2020-11-19T11:19:15.474Z,0.06,0.04
2020-11-19T11:19:15.485Z,0.05,0.05
2020-11-19T11:19:15.501Z,0.05,0.05
2020-11-19T11:19:15.517Z,0.06,0.04
2020-11-19T11:19:15.518Z,0.06,0.03
2020-11-19T11:19:15.533Z,0.05,0.05
2020-11-19T11:19:15.549Z,0.05,0.04
2020-11-19T11:19:15.565Z,0.06,0.05
2020-11-19T11:19:15.566Z,0.06,0.03
2020-11-19T11:19:15.581Z,0.06,0.04
2020-11-19T11:19:15.597Z,0.06,0.04
2020-11-19T11:19:15.598Z,0.06,0.04
2020-11-19T11:19:15.613Z,0.05,0.05
2020-11-19T11:19:15.629Z,0.06,0.04
2020-11-19T11:19:15.645Z,0.06,0.04
2020-11-19T11:19:15.645Z,0.06,0.05
2020-11-19T11:19:15.661Z,0.06,0.04
2020-11-19T11:19:15.677Z,0.06,0.05
2020-11-19T11:19:15.677Z,0.06,0.04
2020-11-19T11:19:15.693Z,0.05,0.04
2020-11-19T11:19:15.708Z,0.06,0.04
2020-11-19T11:19:15.724Z,0.06,0.04
2020-11-19T11:19:15.725Z,0.06,0.04
2020-11-19T11:19:15.740Z,0.06,0.05
2020-11-19T11:19:15.756Z,0.06,0.04
2020-11-19T11:19:15.757Z,0.06,0.04
2020-11-19T11:19:15.772Z,0.06,0.04
2020-11-19T11:19:15.788Z,0.05,0.04
2020-11-19T11:19:15.804Z,0.06,0.04
2020-11-19T11:19:15.807Z,0.06,0.04
2020-11-19T11:19:15.820Z,0.05,0.04
2020-11-19T11:19:15.837Z,0.06,0.04
2020-11-19T11:19:15.852Z,0.06,0.04
2020-11-19T11:19:15.858Z,0.06,0.04
2020-11-19T11:19:15.868Z,0.06,0.05
2020-11-19T11:19:15.884Z,0.06,0.04
2020-11-19T11:19:15.891Z,0.06,0.03
2020-11-19T11:19:15.900Z,0.05,0.04
2020-11-19T11:19:15.916Z,0.06,0.05
2020-11-19T11:19:15.932Z,0.06,0.04
2020-11-19T11:19:15.933Z,0.06,0.05
2020-11-19T11:19:15.948Z,0.05,0.04
2020-11-19T11:19:15.964Z,0.06,0.04
2020-11-19T11:19:15.965Z,0.05,0.04
2020-11-19T11:19:15.980Z,0.06,0.04
2020-11-19T11:19:15.996Z,0.06,0.04
2020-11-19T11:19:16.012Z,0.06,0.04
2020-11-19T11:19:16.012Z,0.06,0.04
2020-11-19T11:19:16.028Z,0.06,0.04
2020-11-19T11:19:16.044Z,0.05,0.04
2020-11-19T11:19:16.044Z,0.06,0.04
2020-11-19T11:19:16.060Z,0.06,0.05
2020-11-19T11:19:16.076Z,0.05,0.05
2020-11-19T11:19:16.091Z,0.06,0.04
2020-11-19T11:19:16.092Z,0.06,0.04
2020-11-19T11:19:16.107Z,0.06,0.04
2020-11-19T11:19:16.123Z,0.05,0.04
2020-11-19T11:19:16.139Z,0.05,0.04
2020-11-19T11:19:16.141Z,0.06,0.05
2020-11-19T11:19:16.155Z,0.05,0.04
2020-11-19T11:19:16.171Z,0.05,0.04
2020-11-19T11:19:16.174Z,0.05,0.04
2020-11-19T11:19:16.187Z,0.06,0.05
2020-11-19T11:19:16.203Z,0.06,0.04
2020-11-19T11:19:16.219Z,0.06,0.04
2020-11-19T11:19:16.224Z,0.06,0.04
2020-11-19T11:19:16.235Z,0.06,0.04
2020-11-19T11:19:16.251Z,0.06,0.04
2020-11-19T11:19:16.258Z,0.06,0.04
2020-11-19T11:19:16.267Z,0.06,0.05
2020-11-19T11:19:16.283Z,0.06,0.04
2020-11-19T11:19:16.299Z,0.06,0.04
2020-11-19T11:19:16.300Z,0.06,0.05
2020-11-19T11:19:16.315Z,0.06,0.04
2020-11-19T11:19:16.331Z,0.06,0.04
2020-11-19T11:19:16.332Z,0.05,0.03
2020-11-19T11:19:16.347Z,0.05,0.04
2020-11-19T11:19:16.363Z,0.06,0.04
2020-11-19T11:19:16.378Z,0.06,0.04
2020-11-19T11:19:16.379Z,0.06,0.04
2020-11-19T11:19:16.394Z,0.06,0.04
2020-11-19T11:19:16.410Z,0.06,0.04
2020-11-19T11:19:16.426Z,0.06,0.05
2020-11-19T11:19:16.427Z,0.05,0.04
2020-11-19T11:19:16.442Z,0.06,0.04
2020-11-19T11:19:16.458Z,0.06,0.04
2020-11-19T11:19:16.459Z,0.06,0.04
2020-11-19T11:19:16.474Z,0.06,0.04
2020-11-19T11:19:16.490Z,0.06,0.04
2020-11-19T11:19:16.506Z,0.06,0.05
2020-11-19T11:19:16.507Z,0.06,0.05
2020-11-19T11:19:16.522Z,0.06,0.04
2020-11-19T11:19:16.538Z,0.06,0.04
2020-11-19T11:19:16.538Z,0.06,0.05
2020-11-19T11:19:16.554Z,0.06,0.05
2020-11-19T11:19:16.570Z,0.06,0.04
2020-11-19T11:19:16.587Z,0.05,0.04
2020-11-19T11:19:16.588Z,0.05,0.04
2020-11-19T11:19:16.602Z,0.06,0.05
2020-11-19T11:19:16.618Z,0.06,0.04
2020-11-19T11:19:16.622Z,0.06,0.04
2020-11-19T11:19:16.634Z,0.06,0.05
2020-11-19T11:19:16.650Z,0.05,0.04
2020-11-19T11:19:16.666Z,0.06,0.05
2020-11-19T11:19:16.666Z,0.06,0.03
2020-11-19T11:19:16.682Z,0.06,0.04
2020-11-19T11:19:16.698Z,0.06,0.05
2020-11-19T11:19:16.714Z,0.06,0.04
2020-11-19T11:19:16.714Z,0.06,0.04
2020-11-19T11:19:16.729Z,0.06,0.04
2020-11-19T11:19:16.745Z,0.06,0.04
2020-11-19T11:19:16.746Z,0.06,0.04
2020-11-19T11:19:16.761Z,0.06,0.05
2020-11-19T11:19:16.777Z,0.06,0.04
2020-11-19T11:19:16.793Z,0.05,0.04
2020-11-19T11:19:16.794Z,0.06,0.04
2020-11-19T11:19:16.809Z,0.06,0.04
2020-11-19T11:19:16.825Z,0.06,0.04
2020-11-19T11:19:16.826Z,0.05,0.04
2020-11-19T11:19:16.841Z,0.06,0.04
2020-11-19T11:19:16.857Z,0.06,0.05
2020-11-19T11:19:16.873Z,0.06,0.04
2020-11-19T11:19:16.874Z,0.06,0.05
2020-11-19T11:19:16.889Z,0.05,0.04
2020-11-19T11:19:16.905Z,0.06,0.04
2020-11-19T11:19:16.906Z,0.06,0.04
2020-11-19T11:19:16.921Z,0.06,0.04
2020-11-19T11:19:16.937Z,0.06,0.05
2020-11-19T11:19:16.953Z,0.06,0.05
2020-11-19T11:19:16.955Z,0.06,0.04
2020-11-19T11:19:16.969Z,0.06,0.04
2020-11-19T11:19:16.985Z,0.06,0.04
2020-11-19T11:19:17.001Z,0.06,0.03
2020-11-19T11:19:17.002Z,0.06,0.05
2020-11-19T11:19:17.017Z,0.05,0.04
2020-11-19T11:19:17.033Z,0.06,0.04
2020-11-19T11:19:17.033Z,0.06,0.05
2020-11-19T11:19:17.049Z,0.06,0.05
2020-11-19T11:19:17.065Z,0.06,0.04
2020-11-19T11:19:17.080Z,0.06,0.04
2020-11-19T11:19:17.081Z,0.05,0.04
2020-11-19T11:19:17.096Z,0.06,0.04
2020-11-19T11:19:17.112Z,0.06,0.04
2020-11-19T11:19:17.113Z,0.05,0.04
2020-11-19T11:19:17.128Z,0.05,0.04
2020-11-19T11:19:17.144Z,0.06,0.04
2020-11-19T11:19:17.160Z,0.06,0.05
2020-11-19T11:19:17.161Z,0.06,0.04
2020-11-19T11:19:17.176Z,0.06,0.05
2020-11-19T11:19:17.192Z,0.06,0.04
2020-11-19T11:19:17.193Z,0.06,0.04
2020-11-19T11:19:17.208Z,0.06,0.03
2020-11-19T11:19:17.224Z,0.06,0.04
2020-11-19T11:19:17.240Z,0.06,0.05
2020-11-19T11:19:17.244Z,0.06,0.04
2020-11-19T11:19:17.256Z,0.06,0.04
2020-11-19T11:19:17.272Z,0.05,0.04
2020-11-19T11:19:17.288Z,0.06,0.04
2020-11-19T11:19:17.289Z,0.05,0.04
2020-11-19T11:19:17.304Z,0.06,0.04
2020-11-19T11:19:17.320Z,0.06,0.04
2020-11-19T11:19:17.323Z,0.06,0.05
2020-11-19T11:19:17.336Z,0.06,0.04
2020-11-19T11:19:17.352Z,0.06,0.04
2020-11-19T11:19:17.368Z,0.06,0.04
2020-11-19T11:19:17.368Z,0.06,0.04
2020-11-19T11:19:17.384Z,0.06,0.05
2020-11-19T11:19:17.400Z,0.06,0.04
2020-11-19T11:19:17.400Z,0.04,0.06
2020-11-19T11:19:17.416Z,0.06,0.04
2020-11-19T11:19:17.432Z,0.09,0.02
2020-11-19T11:19:17.448Z,0.05,0.03
2020-11-19T11:19:17.449Z,0.03,0.07
2020-11-19T11:19:17.464Z,0.05,0.06
2020-11-19T11:19:17.479Z,0.07,0.04
2020-11-19T11:19:17.480Z,0.06,0.01
2020-11-19T11:19:17.495Z,0.06,0.02
2020-11-19T11:19:17.511Z,0.06,0.06
2020-11-19T11:19:17.527Z,0.06,0.08
2020-11-19T11:19:17.528Z,0.06,0.07
2020-11-19T11:19:17.543Z,0.06,0.05
2020-11-19T11:19:17.559Z,0.07,0.02
2020-11-19T11:19:17.575Z,0.06,0.04
2020-11-19T11:19:17.576Z,0.07,0.04
2020-11-19T11:19:17.591Z,0.03,0.07
2020-11-19T11:19:17.607Z,0.07,-0.01
2020-11-19T11:19:17.623Z,0.07,-0.01
2020-11-19T11:19:17.624Z,0.04,0.05
2020-11-19T11:19:17.639Z,0.01,0.08
2020-11-19T11:19:17.655Z,0.18,-0.02
2020-11-19T11:19:17.655Z,0.09,0.04
2020-11-19T11:19:17.671Z,0.03,0.09
2020-11-19T11:19:17.687Z,0.04,0.09
2020-11-19T11:19:17.703Z,0.07,0.06
2020-11-19T11:19:17.705Z,0.10,0.02
2020-11-19T11:19:17.719Z,0.07,0.01
2020-11-19T11:19:17.735Z,0.04,0.02
2020-11-19T11:19:17.751Z,0.04,0.03
2020-11-19T11:19:17.752Z,0.05,0.04
2020-11-19T11:19:17.767Z,-0.01,0.09
2020-11-19T11:19:17.783Z,0.06,0.05
2020-11-19T11:19:17.783Z,0.11,0.03
2020-11-19T11:19:17.799Z,0.04,0.08
2020-11-19T11:19:17.815Z,0.04,0.06
2020-11-19T11:19:17.830Z,0.08,0.04
2020-11-19T11:19:17.831Z,0.07,0.04
2020-11-19T11:19:17.846Z,0.07,0.03
2020-11-19T11:19:17.862Z,0.09,0.02
2020-11-19T11:19:17.863Z,0.07,0.06
2020-11-19T11:19:17.878Z,0.07,0.10
2020-11-19T11:19:17.894Z,0.05,0.11
2020-11-19T11:19:17.910Z,0.04,0.05
2020-11-19T11:19:17.911Z,0.04,-0.03
2020-11-19T11:19:17.926Z,0.02,-0.06
2020-11-19T11:19:17.942Z,0.02,-0.00
2020-11-19T11:19:17.958Z,0.06,0.02
2020-11-19T11:19:17.959Z,0.09,0.04
2020-11-19T11:19:17.974Z,0.10,0.07
2020-11-19T11:19:17.990Z,0.09,0.10
2020-11-19T11:19:18.006Z,0.09,0.11
2020-11-19T11:19:18.009Z,0.08,0.11
2020-11-19T11:19:18.022Z,0.06,0.07
2020-11-19T11:19:18.038Z,0.05,0.01
2020-11-19T11:19:18.054Z,0.04,-0.01
2020-11-19T11:19:18.058Z,0.02,-0.00
2020-11-19T11:19:18.070Z,0.03,0.02
2020-11-19T11:19:18.086Z,0.05,0.04
2020-11-19T11:19:18.092Z,0.12,0.03
2020-11-19T11:19:18.102Z,0.02,0.05
2020-11-19T11:19:18.118Z,0.05,0.04
2020-11-19T11:19:18.134Z,0.08,0.04
2020-11-19T11:19:18.134Z,0.01,0.08
2020-11-19T11:19:18.149Z,0.11,0.01
2020-11-19T11:19:18.166Z,0.07,0.04
2020-11-19T11:19:18.181Z,0.07,0.03
2020-11-19T11:19:18.182Z,0.06,0.05
2020-11-19T11:19:18.197Z,0.03,0.06
2020-11-19T11:19:18.213Z,0.03,0.06
2020-11-19T11:19:18.214Z,0.04,0.08
2020-11-19T11:19:18.229Z,0.05,0.06
2020-11-19T11:19:18.245Z,0.06,0.07
2020-11-19T11:19:18.261Z,0.08,0.06
2020-11-19T11:19:18.262Z,0.07,0.07
2020-11-19T11:19:18.277Z,0.07,0.06
2020-11-19T11:19:18.293Z,0.07,0.04
2020-11-19T11:19:18.294Z,0.04,0.05
2020-11-19T11:19:18.309Z,0.03,0.08
2020-11-19T11:19:18.325Z,0.04,0.09
2020-11-19T11:19:18.341Z,-0.03,0.14
2020-11-19T11:19:18.341Z,-0.03,0.16
2020-11-19T11:19:18.357Z,0.01,0.12
2020-11-19T11:19:18.373Z,0.06,0.11
2020-11-19T11:19:18.389Z,0.04,0.11
2020-11-19T11:19:18.389Z,0.05,0.09
2020-11-19T11:19:18.405Z,0.07,0.09
2020-11-19T11:19:18.421Z,0.06,0.12
2020-11-19T11:19:18.437Z,0.05,0.12
2020-11-19T11:19:18.439Z,0.04,0.13
2020-11-19T11:19:18.453Z,0.03,0.12
2020-11-19T11:19:18.468Z,0.01,0.12
2020-11-19T11:19:18.472Z,0.01,0.14
2020-11-19T11:19:18.484Z,0.02,0.15
2020-11-19T11:19:18.500Z,0.03,0.16
2020-11-19T11:19:18.516Z,0.04,0.17
2020-11-19T11:19:18.517Z,0.04,0.17
2020-11-19T11:19:18.532Z,0.06,0.17
2020-11-19T11:19:18.548Z,0.05,0.17
2020-11-19T11:19:18.549Z,0.05,0.18
2020-11-19T11:19:18.564Z,0.03,0.18
2020-11-19T11:19:18.580Z,0.01,0.18
2020-11-19T11:19:18.596Z,0.01,0.17
2020-11-19T11:19:18.597Z,0.01,0.19
2020-11-19T11:19:18.612Z,0.02,0.19
2020-11-19T11:19:18.628Z,0.02,0.21
2020-11-19T11:19:18.629Z,0.02,0.21
2020-11-19T11:19:18.644Z,0.03,0.20
2020-11-19T11:19:18.660Z,0.03,0.20
2020-11-19T11:19:18.676Z,0.03,0.14
2020-11-19T11:19:18.677Z,0.00,0.24
2020-11-19T11:19:18.692Z,0.04,0.16
2020-11-19T11:19:18.708Z,0.04,0.18
2020-11-19T11:19:18.724Z,0.03,0.15
2020-11-19T11:19:18.724Z,0.06,0.16
2020-11-19T11:19:18.740Z,0.02,0.18
2020-11-19T11:19:18.756Z,0.01,0.20
2020-11-19T11:19:18.757Z,0.01,0.11
2020-11-19T11:19:18.772Z,0.01,0.11
2020-11-19T11:19:18.788Z,-0.01,0.15
2020-11-19T11:19:18.804Z,0.01,0.22
2020-11-19T11:19:18.807Z,0.06,0.21
2020-11-19T11:19:18.820Z,0.07,0.20
2020-11-19T11:19:18.835Z,0.06,0.17
2020-11-19T11:19:18.840Z,0.04,0.15
2020-11-19T11:19:18.851Z,0.00,0.14
2020-11-19T11:19:18.867Z,-0.01,0.13
2020-11-19T11:19:18.883Z,0.00,0.12
2020-11-19T11:19:18.884Z,0.01,0.12
2020-11-19T11:19:18.899Z,0.05,0.10
2020-11-19T11:19:18.915Z,0.08,0.11
2020-11-19T11:19:18.931Z,0.07,0.12
2020-11-19T11:19:18.932Z,0.02,0.16
2020-11-19T11:19:18.947Z,0.04,0.13
2020-11-19T11:19:18.963Z,0.01,0.12
2020-11-19T11:19:18.979Z,-0.08,0.15
2020-11-19T11:19:18.980Z,-0.05,0.13
2020-11-19T11:19:18.995Z,0.04,0.11
2020-11-19T11:19:19.011Z,0.04,0.15
2020-11-19T11:19:19.011Z,0.09,0.14
2020-11-19T11:19:19.027Z,0.11,0.15
2020-11-19T11:19:19.043Z,0.07,0.15
2020-11-19T11:19:19.059Z,0.03,0.15
2020-11-19T11:19:19.060Z,-0.02,0.13
2020-11-19T11:19:19.075Z,-0.06,0.14
2020-11-19T11:19:19.091Z,-0.06,0.14
2020-11-19T11:19:19.107Z,-0.10,0.17
2020-11-19T11:19:19.123Z,-0.03,0.18
2020-11-19T11:19:19.124Z,0.18,0.09
2020-11-19T11:19:19.139Z,0.16,0.11
2020-11-19T11:19:19.154Z,0.06,0.22
2020-11-19T11:19:19.157Z,0.05,0.02
2020-11-19T11:19:19.171Z,0.01,0.01
2020-11-19T11:19:19.187Z,-0.01,0.09
2020-11-19T11:19:19.202Z,-0.11,0.09
2020-11-19T11:19:19.218Z,-0.14,0.05
2020-11-19T11:19:19.227Z,0.01,0.12
2020-11-19T11:19:19.234Z,0.06,0.06
2020-11-19T11:19:19.250Z,0.09,0.05
2020-11-19T11:19:19.251Z,0.12,0.21
2020-11-19T11:19:19.266Z,0.05,0.19
2020-11-19T11:19:19.282Z,-0.07,0.21
2020-11-19T11:19:19.298Z,0.07,0.07
2020-11-19T11:19:19.299Z,0.16,-0.24
2020-11-19T11:19:19.314Z,-0.06,-0.03
2020-11-19T11:19:19.330Z,-0.08,0.08
2020-11-19T11:19:19.346Z,-0.00,-0.04
2020-11-19T11:19:19.362Z,0.01,-0.16
2020-11-19T11:19:19.362Z,0.03,0.00
2020-11-19T11:19:19.378Z,0.03,0.06
2020-11-19T11:19:19.394Z,0.05,-0.03
2020-11-19T11:19:19.410Z,0.06,-0.12
2020-11-19T11:19:19.411Z,0.00,-0.12
2020-11-19T11:19:19.426Z,-0.02,-0.06
2020-11-19T11:19:19.442Z,-0.04,-0.07
2020-11-19T11:19:19.458Z,-0.00,-0.14
2020-11-19T11:19:19.474Z,0.02,-0.16
2020-11-19T11:19:19.490Z,0.05,-0.09
2020-11-19T11:19:19.494Z,0.06,0.16
2020-11-19T11:19:19.506Z,0.11,-0.09
2020-11-19T11:19:19.522Z,0.07,-0.15
2020-11-19T11:19:19.538Z,0.03,-0.23
2020-11-19T11:19:19.546Z,0.01,-0.17
2020-11-19T11:19:19.553Z,-0.01,-0.15
2020-11-19T11:19:19.569Z,0.00,-0.16
2020-11-19T11:19:19.585Z,0.03,-0.20
2020-11-19T11:19:19.601Z,0.03,-0.17
2020-11-19T11:19:19.606Z,0.03,-0.15
2020-11-19T11:19:19.617Z,0.04,-0.16
2020-11-19T11:19:19.633Z,0.03,-0.17
2020-11-19T11:19:19.649Z,0.01,-0.18
2020-11-19T11:19:19.665Z,0.01,-0.18
2020-11-19T11:19:19.666Z,0.00,-0.20
2020-11-19T11:19:19.683Z,0.01,-0.20
2020-11-19T11:19:19.697Z,0.03,-0.20
2020-11-19T11:19:19.713Z,0.03,-0.19
2020-11-19T11:19:19.729Z,0.04,-0.19
2020-11-19T11:19:19.729Z,0.05,-0.20
2020-11-19T11:19:19.745Z,0.04,-0.19
2020-11-19T11:19:19.761Z,0.02,-0.18
2020-11-19T11:19:19.777Z,0.01,-0.19
2020-11-19T11:19:19.793Z,-0.00,-0.17
2020-11-19T11:19:19.793Z,0.00,-0.20
2020-11-19T11:19:19.809Z,0.02,-0.19
2020-11-19T11:19:19.825Z,0.03,-0.21
2020-11-19T11:19:19.840Z,0.04,-0.19
2020-11-19T11:19:19.841Z,0.04,-0.18
2020-11-19T11:19:19.856Z,0.03,-0.18
2020-11-19T11:19:19.872Z,0.02,-0.19
2020-11-19T11:19:19.888Z,0.02,-0.19
2020-11-19T11:19:19.904Z,0.01,-0.21
2020-11-19T11:19:19.906Z,0.01,-0.21
2020-11-19T11:19:19.920Z,0.01,-0.20
2020-11-19T11:19:19.936Z,0.02,-0.20
2020-11-19T11:19:19.952Z,0.03,-0.18
2020-11-19T11:19:19.968Z,0.03,-0.18
2020-11-19T11:19:19.974Z,0.03,-0.18
2020-11-19T11:19:19.984Z,0.03,-0.18
2020-11-19T11:19:20.000Z,0.02,-0.19
2020-11-19T11:19:20.016Z,0.02,-0.20
2020-11-19T11:19:20.017Z,0.02,-0.20
2020-11-19T11:19:20.032Z,0.03,-0.21
2020-11-19T11:19:20.048Z,0.03,-0.19
2020-11-19T11:19:20.064Z,0.03,-0.18
2020-11-19T11:19:20.080Z,0.03,-0.18
2020-11-19T11:19:20.081Z,0.02,-0.17
2020-11-19T11:19:20.096Z,0.01,-0.18
2020-11-19T11:19:20.112Z,0.01,-0.19
2020-11-19T11:19:20.128Z,0.02,-0.21
2020-11-19T11:19:20.144Z,0.02,-0.21
2020-11-19T11:19:20.144Z,0.03,-0.19
2020-11-19T11:19:20.160Z,0.03,-0.20
2020-11-19T11:19:20.175Z,0.03,-0.18
2020-11-19T11:19:20.191Z,0.03,-0.18
2020-11-19T11:19:20.192Z,0.03,-0.16
2020-11-19T11:19:20.207Z,0.02,-0.18
2020-11-19T11:19:20.223Z,0.01,-0.18
2020-11-19T11:19:20.239Z,0.01,-0.18
2020-11-19T11:19:20.255Z,0.01,-0.19
2020-11-19T11:19:20.258Z,0.02,-0.18
2020-11-19T11:19:20.271Z,0.02,-0.18
2020-11-19T11:19:20.287Z,0.04,-0.16
2020-11-19T11:19:20.303Z,0.04,-0.15
2020-11-19T11:19:20.319Z,0.03,-0.12
2020-11-19T11:19:20.324Z,0.02,-0.16
2020-11-19T11:19:20.335Z,0.02,-0.18
2020-11-19T11:19:20.351Z,0.02,-0.18
2020-11-19T11:19:20.367Z,0.02,-0.17
2020-11-19T11:19:20.368Z,0.03,-0.20
2020-11-19T11:19:20.383Z,0.05,-0.12
2020-11-19T11:19:20.399Z,0.02,-0.08
2020-11-19T11:19:20.415Z,0.00,-0.11
2020-11-19T11:19:20.431Z,0.01,-0.10
2020-11-19T11:19:20.432Z,0.02,-0.11
2020-11-19T11:19:20.447Z,0.02,-0.11
2020-11-19T11:19:20.463Z,0.02,-0.11
2020-11-19T11:19:20.479Z,0.03,-0.11
2020-11-19T11:19:20.495Z,0.01,-0.10
2020-11-19T11:19:20.495Z,0.02,-0.04
2020-11-19T11:19:20.511Z,-0.00,-0.08
2020-11-19T11:19:20.527Z,0.31,-0.18
2020-11-19T11:19:20.543Z,0.21,-0.19
2020-11-19T11:19:20.558Z,-0.11,0.07
2020-11-19T11:19:20.559Z,-0.08,0.04
2020-11-19T11:19:20.574Z,-0.01,-0.05
2020-11-19T11:19:20.590Z,0.04,-0.11
2020-11-19T11:19:20.606Z,0.06,-0.07
2020-11-19T11:19:20.608Z,0.00,0.02
2020-11-19T11:19:20.622Z,-0.00,0.02
2020-11-19T11:19:20.638Z,0.01,-0.00
2020-11-19T11:19:20.654Z,0.01,-0.02
2020-11-19T11:19:20.670Z,0.01,0.02
2020-11-19T11:19:20.674Z,0.00,-0.02
2020-11-19T11:19:20.686Z,0.02,-0.00
2020-11-19T11:19:20.702Z,-0.00,0.06
2020-11-19T11:19:20.718Z,-0.00,0.03
2020-11-19T11:19:20.723Z,0.03,0.05
2020-11-19T11:19:20.734Z,0.02,0.03
2020-11-19T11:19:20.750Z,-0.01,0.08
2020-11-19T11:19:20.766Z,-0.02,0.06
2020-11-19T11:19:20.766Z,-0.02,0.05
2020-11-19T11:19:20.782Z,0.00,0.05
2020-11-19T11:19:20.798Z,0.00,0.08
2020-11-19T11:19:20.814Z,0.02,0.10
2020-11-19T11:19:20.814Z,0.04,0.08
2020-11-19T11:19:20.830Z,0.04,0.09
2020-11-19T11:19:20.845Z,0.03,0.08
2020-11-19T11:19:20.846Z,0.03,0.10
2020-11-19T11:19:20.861Z,0.01,0.12
2020-11-19T11:19:20.878Z,0.02,0.12
2020-11-19T11:19:20.893Z,0.01,0.10
2020-11-19T11:19:20.894Z,-0.00,0.12
2020-11-19T11:19:20.909Z,-0.01,0.15
2020-11-19T11:19:20.925Z,-0.01,0.16
2020-11-19T11:19:20.941Z,-0.00,0.14
2020-11-19T11:19:20.957Z,0.03,0.12
2020-11-19T11:19:20.958Z,0.03,0.13
2020-11-19T11:19:20.973Z,0.03,0.14
2020-11-19T11:19:20.989Z,0.04,0.14
2020-11-19T11:19:20.990Z,0.03,0.17
2020-11-19T11:19:21.005Z,0.02,0.16
2020-11-19T11:19:21.021Z,0.01,0.14
2020-11-19T11:19:21.037Z,-0.00,0.13
2020-11-19T11:19:21.039Z,-0.00,0.15
2020-11-19T11:19:21.053Z,-0.01,0.17
2020-11-19T11:19:21.069Z,0.00,0.16
2020-11-19T11:19:21.085Z,0.09,0.10
2020-11-19T11:19:21.089Z,0.01,0.16
2020-11-19T11:19:21.101Z,0.04,0.17
2020-11-19T11:19:21.117Z,0.09,0.15
2020-11-19T11:19:21.133Z,0.03,0.20
2020-11-19T11:19:21.134Z,0.02,0.21
2020-11-19T11:19:21.149Z,0.02,0.18
2020-11-19T11:19:21.165Z,-0.00,0.16
2020-11-19T11:19:21.181Z,-0.00,0.13
2020-11-19T11:19:21.181Z,0.00,0.15
2020-11-19T11:19:21.197Z,-0.01,0.18
2020-11-19T11:19:21.213Z,0.03,0.15
2020-11-19T11:19:21.213Z,0.06,0.15
2020-11-19T11:19:21.228Z,0.09,0.14
2020-11-19T11:19:21.244Z,0.07,0.14
2020-11-19T11:19:21.260Z,0.05,0.15
2020-11-19T11:19:21.261Z,0.04,0.15
2020-11-19T11:19:21.276Z,0.01,0.17
2020-11-19T11:19:21.292Z,-0.01,0.15
2020-11-19T11:19:21.308Z,-0.03,0.17
2020-11-19T11:19:21.309Z,0.11,0.06
2020-11-19T11:19:21.324Z,-0.06,0.08
2020-11-19T11:19:21.340Z,-0.01,0.16
2020-11-19T11:19:21.356Z,0.07,0.11
2020-11-19T11:19:21.357Z,0.08,0.13
2020-11-19T11:19:21.372Z,0.07,0.13
2020-11-19T11:19:21.388Z,0.00,0.18
2020-11-19T11:19:21.404Z,0.01,0.13
2020-11-19T11:19:21.406Z,0.07,0.08
2020-11-19T11:19:21.420Z,0.03,0.09
2020-11-19T11:19:21.436Z,0.01,0.09
2020-11-19T11:19:21.439Z,0.07,0.02
2020-11-19T11:19:21.452Z,0.03,0.07
2020-11-19T11:19:21.468Z,0.04,0.07
2020-11-19T11:19:21.484Z,0.05,0.10
2020-11-19T11:19:21.484Z,0.04,0.11
2020-11-19T11:19:21.500Z,0.05,0.12
2020-11-19T11:19:21.516Z,0.06,0.11
2020-11-19T11:19:21.516Z,0.06,0.09
2020-11-19T11:19:21.532Z,0.07,0.07
2020-11-19T11:19:21.548Z,0.04,0.06
2020-11-19T11:19:21.564Z,0.05,0.04
2020-11-19T11:19:21.564Z,0.05,0.05
2020-11-19T11:19:21.579Z,0.07,0.02
2020-11-19T11:19:21.595Z,0.05,0.04
2020-11-19T11:19:21.596Z,0.07,0.07
2020-11-19T11:19:21.611Z,-0.00,0.10
2020-11-19T11:19:21.627Z,-0.05,0.16
2020-11-19T11:19:21.644Z,0.03,0.11
2020-11-19T11:19:21.644Z,0.09,0.01
2020-11-19T11:19:21.659Z,0.09,0.00
2020-11-19T11:19:21.675Z,0.11,-0.03
2020-11-19T11:19:21.691Z,0.07,0.01
2020-11-19T11:19:21.692Z,0.04,0.04
2020-11-19T11:19:21.707Z,0.04,0.07
2020-11-19T11:19:21.723Z,0.06,0.08
2020-11-19T11:19:21.739Z,0.04,0.08
2020-11-19T11:19:21.740Z,0.13,0.04
2020-11-19T11:19:21.755Z,-0.03,0.16
2020-11-19T11:19:21.771Z,0.01,0.12
2020-11-19T11:19:21.787Z,0.10,0.03
2020-11-19T11:19:21.789Z,0.10,0.04
2020-11-19T11:19:21.803Z,0.09,0.05
2020-11-19T11:19:21.819Z,0.11,0.02
2020-11-19T11:19:21.823Z,0.07,0.06
2020-11-19T11:19:21.835Z,0.04,0.08
2020-11-19T11:19:21.851Z,0.04,0.06
2020-11-19T11:19:21.867Z,0.02,0.08
2020-11-19T11:19:21.867Z,0.01,0.11
2020-11-19T11:19:21.883Z,0.03,0.09
2020-11-19T11:19:21.899Z,0.06,0.07
2020-11-19T11:19:21.899Z,0.08,0.06
2020-11-19T11:19:21.914Z,0.10,0.04
2020-11-19T11:19:21.930Z,0.10,0.04
2020-11-19T11:19:21.946Z,0.08,0.04
2020-11-19T11:19:21.947Z,0.07,0.05
2020-11-19T11:19:21.962Z,0.05,0.06
2020-11-19T11:19:21.978Z,0.03,0.07
2020-11-19T11:19:21.994Z,0.02,0.08
2020-11-19T11:19:21.995Z,0.02,0.08
2020-11-19T11:19:22.010Z,0.03,0.07
2020-11-19T11:19:22.026Z,0.06,0.07
2020-11-19T11:19:22.027Z,0.08,0.07
2020-11-19T11:19:22.042Z,0.09,0.06
2020-11-19T11:19:22.058Z,0.09,0.05
2020-11-19T11:19:22.074Z,0.08,0.05
2020-11-19T11:19:22.075Z,0.07,0.06
2020-11-19T11:19:22.090Z,0.04,0.06
2020-11-19T11:19:22.106Z,0.03,0.07
2020-11-19T11:19:22.107Z,0.02,0.06
2020-11-19T11:19:22.122Z,0.02,0.07
2020-11-19T11:19:22.138Z,0.04,0.07
2020-11-19T11:19:22.154Z,0.06,0.06
2020-11-19T11:19:22.156Z,0.08,0.07
2020-11-19T11:19:22.170Z,0.09,0.06
2020-11-19T11:19:22.186Z,0.09,0.06
2020-11-19T11:19:22.189Z,0.08,0.06
2020-11-19T11:19:22.202Z,0.06,0.06
2020-11-19T11:19:22.218Z,0.04,0.07
2020-11-19T11:19:22.234Z,0.02,0.06
2020-11-19T11:19:22.234Z,0.03,0.06
2020-11-19T11:19:22.249Z,0.03,0.07
2020-11-19T11:19:22.265Z,0.04,0.06
2020-11-19T11:19:22.281Z,0.06,0.06
2020-11-19T11:19:22.282Z,0.08,0.06
2020-11-19T11:19:22.297Z,0.09,0.06
2020-11-19T11:19:22.313Z,0.09,0.06
2020-11-19T11:19:22.314Z,0.08,0.07
2020-11-19T11:19:22.329Z,0.06,0.06
2020-11-19T11:19:22.345Z,0.04,0.06
2020-11-19T11:19:22.361Z,0.03,0.06
2020-11-19T11:19:22.362Z,0.02,0.06
2020-11-19T11:19:22.377Z,0.03,0.06
2020-11-19T11:19:22.393Z,0.04,0.07
2020-11-19T11:19:22.394Z,0.07,0.06
2020-11-19T11:19:22.409Z,0.08,0.07
2020-11-19T11:19:22.425Z,0.08,0.07
2020-11-19T11:19:22.441Z,0.08,0.06
2020-11-19T11:19:22.442Z,0.07,0.06
2020-11-19T11:19:22.457Z,0.05,0.06
2020-11-19T11:19:22.473Z,0.04,0.07
2020-11-19T11:19:22.474Z,0.03,0.06
2020-11-19T11:19:22.489Z,0.03,0.06
2020-11-19T11:19:22.505Z,0.03,0.05
2020-11-19T11:19:22.521Z,0.05,0.06
2020-11-19T11:19:22.522Z,0.06,0.06
2020-11-19T11:19:22.537Z,0.07,0.06
2020-11-19T11:19:22.553Z,0.08,0.07
2020-11-19T11:19:22.569Z,0.08,0.06
2020-11-19T11:19:22.573Z,0.06,0.07
2020-11-19T11:19:22.585Z,0.05,0.06
2020-11-19T11:19:22.601Z,0.04,0.06
2020-11-19T11:19:22.601Z,0.04,0.06
2020-11-19T11:19:22.616Z,0.04,0.06
2020-11-19T11:19:22.632Z,0.04,0.06
2020-11-19T11:19:22.648Z,0.05,0.06
2020-11-19T11:19:22.649Z,0.06,0.06
2020-11-19T11:19:22.664Z,0.07,0.06
2020-11-19T11:19:22.680Z,0.07,0.06
2020-11-19T11:19:22.681Z,0.06,0.06
2020-11-19T11:19:22.696Z,0.06,0.06
2020-11-19T11:19:22.712Z,0.05,0.07
2020-11-19T11:19:22.728Z,0.05,0.06
2020-11-19T11:19:22.729Z,0.05,0.06
2020-11-19T11:19:22.744Z,0.04,0.05
2020-11-19T11:19:22.760Z,0.04,0.06
2020-11-19T11:19:22.761Z,0.06,0.06
2020-11-19T11:19:22.776Z,0.06,0.06
2020-11-19T11:19:22.792Z,0.06,0.05
2020-11-19T11:19:22.808Z,0.06,0.06
2020-11-19T11:19:22.808Z,0.06,0.07
2020-11-19T11:19:22.824Z,0.06,0.07
2020-11-19T11:19:22.840Z,0.05,0.07
2020-11-19T11:19:22.856Z,0.05,0.07
2020-11-19T11:19:22.860Z,0.04,0.07
2020-11-19T11:19:22.872Z,0.05,0.06
2020-11-19T11:19:22.888Z,0.06,0.06
2020-11-19T11:19:22.893Z,0.05,0.06
2020-11-19T11:19:22.904Z,0.06,0.06
2020-11-19T11:19:22.920Z,0.06,0.05
2020-11-19T11:19:22.936Z,0.06,0.06
2020-11-19T11:19:22.944Z,0.06,0.06
2020-11-19T11:19:22.952Z,0.06,0.07
2020-11-19T11:19:22.967Z,0.06,0.07
2020-11-19T11:19:22.968Z,0.05,0.06
2020-11-19T11:19:22.983Z,0.05,0.07
2020-11-19T11:19:22.999Z,0.05,0.06
2020-11-19T11:19:23.015Z,0.06,0.06
2020-11-19T11:19:23.016Z,0.06,0.05
2020-11-19T11:19:23.031Z,0.05,0.06
2020-11-19T11:19:23.047Z,0.05,0.06
2020-11-19T11:19:23.048Z,0.07,0.06
2020-11-19T11:19:23.063Z,0.06,0.06
2020-11-19T11:19:23.079Z,0.05,0.07
2020-11-19T11:19:23.095Z,0.05,0.07
2020-11-19T11:19:23.096Z,0.05,0.07
2020-11-19T11:19:23.111Z,0.05,0.06
2020-11-19T11:19:23.127Z,0.05,0.06
2020-11-19T11:19:23.143Z,0.05,0.05
2020-11-19T11:19:23.144Z,0.05,0.06
2020-11-19T11:19:23.159Z,0.06,0.06
2020-11-19T11:19:23.175Z,0.05,0.06
2020-11-19T11:19:23.175Z,0.06,0.06
2020-11-19T11:19:23.191Z,0.06,0.06
2020-11-19T11:19:23.207Z,0.05,0.08
2020-11-19T11:19:23.223Z,0.05,0.07
2020-11-19T11:19:23.223Z,0.05,0.06
2020-11-19T11:19:23.239Z,0.05,0.07
2020-11-19T11:19:23.255Z,0.06,0.06
2020-11-19T11:19:23.256Z,0.06,0.05
2020-11-19T11:19:23.271Z,0.06,0.06
2020-11-19T11:19:23.286Z,0.05,0.06
2020-11-19T11:19:23.303Z,0.06,0.05
2020-11-19T11:19:23.306Z,0.06,0.07
2020-11-19T11:19:23.318Z,0.06,0.07
2020-11-19T11:19:23.334Z,0.06,0.06
2020-11-19T11:19:23.335Z,0.05,0.06
2020-11-19T11:19:23.350Z,0.05,0.06
2020-11-19T11:19:23.366Z,0.05,0.06
2020-11-19T11:19:23.382Z,0.06,0.07
2020-11-19T11:19:23.383Z,0.06,0.05
2020-11-19T11:19:23.398Z,0.06,0.06
2020-11-19T11:19:23.414Z,0.06,0.06
2020-11-19T11:19:23.430Z,0.06,0.06
2020-11-19T11:19:23.431Z,0.05,0.06
2020-11-19T11:19:23.446Z,0.05,0.06
2020-11-19T11:19:23.462Z,0.05,0.07
2020-11-19T11:19:23.463Z,0.05,0.07
2020-11-19T11:19:23.478Z,0.05,0.07
2020-11-19T11:19:23.494Z,0.06,0.06
2020-11-19T11:19:23.510Z,0.05,0.06
2020-11-19T11:19:23.511Z,0.06,0.06
2020-11-19T11:19:23.526Z,0.05,0.06
2020-11-19T11:19:23.542Z,0.06,0.06
2020-11-19T11:19:23.542Z,0.05,0.07
2020-11-19T11:19:23.558Z,0.05,0.07
2020-11-19T11:19:23.574Z,0.06,0.06
2020-11-19T11:19:23.590Z,0.05,0.06
2020-11-19T11:19:23.590Z,0.05,0.07
2020-11-19T11:19:23.606Z,0.05,0.06
2020-11-19T11:19:23.622Z,0.06,0.06
2020-11-19T11:19:23.623Z,0.06,0.06
2020-11-19T11:19:23.637Z,0.05,0.06
2020-11-19T11:19:23.653Z,0.05,0.06
2020-11-19T11:19:23.669Z,0.06,0.07
2020-11-19T11:19:23.672Z,0.05,0.06
2020-11-19T11:19:23.685Z,0.05,0.06
2020-11-19T11:19:23.701Z,0.06,0.07
2020-11-19T11:19:23.717Z,0.05,0.07
2020-11-19T11:19:23.718Z,0.05,0.07
2020-11-19T11:19:23.733Z,0.06,0.06
2020-11-19T11:19:23.749Z,0.06,0.07
2020-11-19T11:19:23.750Z,0.06,0.06
2020-11-19T11:19:23.765Z,0.06,0.07
2020-11-19T11:19:23.781Z,0.06,0.06
2020-11-19T11:19:23.797Z,0.05,0.07
2020-11-19T11:19:23.797Z,0.05,0.06
